{"v":"5.6.8","fr":12,"ip":0,"op":146,"w":288,"h":512,"nm":"泪珠滑落_0","ddd":0,"assets":[{"id":"image_0","w":288,"h":512,"u":"images/","p":"img_0.jpg","e":0},{"id":"image_1","w":288,"h":512,"u":"images/","p":"img_1.jpg","e":0},{"id":"image_2","w":288,"h":512,"u":"images/","p":"img_2.jpg","e":0},{"id":"image_3","w":288,"h":512,"u":"images/","p":"img_3.jpg","e":0},{"id":"image_4","w":288,"h":512,"u":"images/","p":"img_4.jpg","e":0},{"id":"image_5","w":288,"h":512,"u":"images/","p":"img_5.jpg","e":0},{"id":"image_6","w":288,"h":512,"u":"images/","p":"img_6.jpg","e":0},{"id":"image_7","w":288,"h":512,"u":"images/","p":"img_7.jpg","e":0},{"id":"image_8","w":288,"h":512,"u":"images/","p":"img_8.jpg","e":0},{"id":"image_9","w":288,"h":512,"u":"images/","p":"img_9.jpg","e":0},{"id":"image_10","w":288,"h":512,"u":"images/","p":"img_10.jpg","e":0},{"id":"image_11","w":288,"h":512,"u":"images/","p":"img_11.jpg","e":0},{"id":"image_12","w":288,"h":512,"u":"images/","p":"img_12.jpg","e":0},{"id":"image_13","w":288,"h":512,"u":"images/","p":"img_13.jpg","e":0},{"id":"image_14","w":288,"h":512,"u":"images/","p":"img_14.jpg","e":0},{"id":"image_15","w":288,"h":512,"u":"images/","p":"img_15.jpg","e":0},{"id":"image_16","w":288,"h":512,"u":"images/","p":"img_16.jpg","e":0},{"id":"image_17","w":288,"h":512,"u":"images/","p":"img_17.jpg","e":0},{"id":"image_18","w":288,"h":512,"u":"images/","p":"img_18.jpg","e":0},{"id":"image_19","w":288,"h":512,"u":"images/","p":"img_19.jpg","e":0},{"id":"image_20","w":288,"h":512,"u":"images/","p":"img_20.jpg","e":0},{"id":"image_21","w":288,"h":512,"u":"images/","p":"img_21.jpg","e":0},{"id":"image_22","w":288,"h":512,"u":"images/","p":"img_22.jpg","e":0},{"id":"image_23","w":288,"h":512,"u":"images/","p":"img_23.jpg","e":0},{"id":"image_24","w":288,"h":512,"u":"images/","p":"img_24.jpg","e":0},{"id":"image_25","w":288,"h":512,"u":"images/","p":"img_25.jpg","e":0},{"id":"image_26","w":288,"h":512,"u":"images/","p":"img_26.jpg","e":0},{"id":"image_27","w":288,"h":512,"u":"images/","p":"img_27.jpg","e":0},{"id":"image_28","w":288,"h":512,"u":"images/","p":"img_28.jpg","e":0},{"id":"image_29","w":288,"h":512,"u":"images/","p":"img_29.jpg","e":0},{"id":"image_30","w":288,"h":512,"u":"images/","p":"img_30.jpg","e":0},{"id":"image_31","w":288,"h":512,"u":"images/","p":"img_31.jpg","e":0},{"id":"image_32","w":288,"h":512,"u":"images/","p":"img_32.jpg","e":0},{"id":"image_33","w":288,"h":512,"u":"images/","p":"img_33.jpg","e":0},{"id":"image_34","w":288,"h":512,"u":"images/","p":"img_34.jpg","e":0},{"id":"image_35","w":288,"h":512,"u":"images/","p":"img_35.jpg","e":0},{"id":"image_36","w":288,"h":512,"u":"images/","p":"img_36.jpg","e":0},{"id":"image_37","w":288,"h":512,"u":"images/","p":"img_37.jpg","e":0},{"id":"image_38","w":288,"h":512,"u":"images/","p":"img_38.jpg","e":0},{"id":"image_39","w":288,"h":512,"u":"images/","p":"img_39.jpg","e":0},{"id":"image_40","w":288,"h":512,"u":"images/","p":"img_40.jpg","e":0},{"id":"image_41","w":288,"h":512,"u":"images/","p":"img_41.jpg","e":0},{"id":"image_42","w":288,"h":512,"u":"images/","p":"img_42.jpg","e":0},{"id":"image_43","w":288,"h":512,"u":"images/","p":"img_43.jpg","e":0},{"id":"image_44","w":288,"h":512,"u":"images/","p":"img_44.jpg","e":0},{"id":"image_45","w":288,"h":512,"u":"images/","p":"img_45.jpg","e":0},{"id":"image_46","w":288,"h":512,"u":"images/","p":"img_46.jpg","e":0},{"id":"image_47","w":288,"h":512,"u":"images/","p":"img_47.jpg","e":0},{"id":"image_48","w":288,"h":512,"u":"images/","p":"img_48.jpg","e":0},{"id":"image_49","w":288,"h":512,"u":"images/","p":"img_49.jpg","e":0},{"id":"image_50","w":288,"h":512,"u":"images/","p":"img_50.jpg","e":0},{"id":"image_51","w":288,"h":512,"u":"images/","p":"img_51.jpg","e":0},{"id":"image_52","w":288,"h":512,"u":"images/","p":"img_52.jpg","e":0},{"id":"image_53","w":288,"h":512,"u":"images/","p":"img_53.jpg","e":0},{"id":"image_54","w":288,"h":512,"u":"images/","p":"img_54.jpg","e":0},{"id":"image_55","w":288,"h":512,"u":"images/","p":"img_55.jpg","e":0},{"id":"image_56","w":288,"h":512,"u":"images/","p":"img_56.jpg","e":0},{"id":"image_57","w":288,"h":512,"u":"images/","p":"img_57.jpg","e":0},{"id":"image_58","w":288,"h":512,"u":"images/","p":"img_58.jpg","e":0},{"id":"image_59","w":288,"h":512,"u":"images/","p":"img_59.jpg","e":0},{"id":"image_60","w":288,"h":512,"u":"images/","p":"img_60.jpg","e":0},{"id":"image_61","w":288,"h":512,"u":"images/","p":"img_61.jpg","e":0},{"id":"image_62","w":288,"h":512,"u":"images/","p":"img_62.jpg","e":0},{"id":"image_63","w":288,"h":512,"u":"images/","p":"img_63.jpg","e":0},{"id":"image_64","w":288,"h":512,"u":"images/","p":"img_64.jpg","e":0},{"id":"image_65","w":288,"h":512,"u":"images/","p":"img_65.jpg","e":0},{"id":"image_66","w":288,"h":512,"u":"images/","p":"img_66.jpg","e":0},{"id":"image_67","w":288,"h":512,"u":"images/","p":"img_67.jpg","e":0},{"id":"image_68","w":288,"h":512,"u":"images/","p":"img_68.jpg","e":0},{"id":"image_69","w":288,"h":512,"u":"images/","p":"img_69.jpg","e":0},{"id":"image_70","w":288,"h":512,"u":"images/","p":"img_70.jpg","e":0},{"id":"image_71","w":288,"h":512,"u":"images/","p":"img_71.jpg","e":0},{"id":"image_72","w":288,"h":512,"u":"images/","p":"img_72.jpg","e":0},{"id":"image_73","w":288,"h":512,"u":"images/","p":"img_73.jpg","e":0},{"id":"image_74","w":288,"h":512,"u":"images/","p":"img_74.jpg","e":0},{"id":"image_75","w":288,"h":512,"u":"images/","p":"img_75.jpg","e":0},{"id":"image_76","w":288,"h":512,"u":"images/","p":"img_76.jpg","e":0},{"id":"image_77","w":288,"h":512,"u":"images/","p":"img_77.jpg","e":0},{"id":"image_78","w":288,"h":512,"u":"images/","p":"img_78.jpg","e":0},{"id":"image_79","w":288,"h":512,"u":"images/","p":"img_79.jpg","e":0},{"id":"image_80","w":288,"h":512,"u":"images/","p":"img_80.jpg","e":0},{"id":"image_81","w":288,"h":512,"u":"images/","p":"img_81.jpg","e":0},{"id":"image_82","w":288,"h":512,"u":"images/","p":"img_82.jpg","e":0},{"id":"image_83","w":288,"h":512,"u":"images/","p":"img_83.jpg","e":0},{"id":"image_84","w":288,"h":512,"u":"images/","p":"img_84.jpg","e":0},{"id":"image_85","w":288,"h":512,"u":"images/","p":"img_85.jpg","e":0},{"id":"image_86","w":288,"h":512,"u":"images/","p":"img_86.jpg","e":0},{"id":"image_87","w":288,"h":512,"u":"images/","p":"img_87.jpg","e":0},{"id":"image_88","w":288,"h":512,"u":"images/","p":"img_88.jpg","e":0},{"id":"image_89","w":288,"h":512,"u":"images/","p":"img_89.jpg","e":0},{"id":"image_90","w":288,"h":512,"u":"images/","p":"img_90.jpg","e":0},{"id":"image_91","w":288,"h":512,"u":"images/","p":"img_91.jpg","e":0},{"id":"image_92","w":288,"h":512,"u":"images/","p":"img_92.jpg","e":0},{"id":"image_93","w":288,"h":512,"u":"images/","p":"img_93.jpg","e":0},{"id":"image_94","w":288,"h":512,"u":"images/","p":"img_94.jpg","e":0},{"id":"image_95","w":288,"h":512,"u":"images/","p":"img_95.jpg","e":0},{"id":"image_96","w":288,"h":512,"u":"images/","p":"img_96.jpg","e":0},{"id":"image_97","w":288,"h":512,"u":"images/","p":"img_97.jpg","e":0},{"id":"image_98","w":288,"h":512,"u":"images/","p":"img_98.jpg","e":0},{"id":"image_99","w":288,"h":512,"u":"images/","p":"img_99.jpg","e":0},{"id":"image_100","w":288,"h":512,"u":"images/","p":"img_100.jpg","e":0},{"id":"image_101","w":288,"h":512,"u":"images/","p":"img_101.jpg","e":0},{"id":"image_102","w":288,"h":512,"u":"images/","p":"img_102.jpg","e":0},{"id":"image_103","w":288,"h":512,"u":"images/","p":"img_103.jpg","e":0},{"id":"image_104","w":288,"h":512,"u":"images/","p":"img_104.jpg","e":0},{"id":"image_105","w":288,"h":512,"u":"images/","p":"img_105.jpg","e":0},{"id":"image_106","w":288,"h":512,"u":"images/","p":"img_106.jpg","e":0},{"id":"image_107","w":288,"h":512,"u":"images/","p":"img_107.jpg","e":0},{"id":"image_108","w":288,"h":512,"u":"images/","p":"img_108.jpg","e":0},{"id":"image_109","w":288,"h":512,"u":"images/","p":"img_109.jpg","e":0},{"id":"image_110","w":288,"h":512,"u":"images/","p":"img_110.jpg","e":0},{"id":"image_111","w":288,"h":512,"u":"images/","p":"img_111.jpg","e":0},{"id":"image_112","w":288,"h":512,"u":"images/","p":"img_112.jpg","e":0},{"id":"image_113","w":288,"h":512,"u":"images/","p":"img_113.jpg","e":0},{"id":"image_114","w":288,"h":512,"u":"images/","p":"img_114.jpg","e":0},{"id":"image_115","w":288,"h":512,"u":"images/","p":"img_115.jpg","e":0},{"id":"image_116","w":288,"h":512,"u":"images/","p":"img_116.jpg","e":0},{"id":"image_117","w":288,"h":512,"u":"images/","p":"img_117.jpg","e":0},{"id":"image_118","w":288,"h":512,"u":"images/","p":"img_118.jpg","e":0},{"id":"image_119","w":288,"h":512,"u":"images/","p":"img_119.jpg","e":0},{"id":"image_120","w":288,"h":512,"u":"images/","p":"img_120.jpg","e":0},{"id":"image_121","w":288,"h":512,"u":"images/","p":"img_121.jpg","e":0},{"id":"image_122","w":288,"h":512,"u":"images/","p":"img_122.jpg","e":0},{"id":"image_123","w":288,"h":512,"u":"images/","p":"img_123.jpg","e":0},{"id":"image_124","w":288,"h":512,"u":"images/","p":"img_124.jpg","e":0},{"id":"image_125","w":288,"h":512,"u":"images/","p":"img_125.jpg","e":0},{"id":"image_126","w":288,"h":512,"u":"images/","p":"img_126.jpg","e":0},{"id":"image_127","w":288,"h":512,"u":"images/","p":"img_127.jpg","e":0},{"id":"image_128","w":288,"h":512,"u":"images/","p":"img_128.jpg","e":0},{"id":"image_129","w":288,"h":512,"u":"images/","p":"img_129.jpg","e":0},{"id":"image_130","w":288,"h":512,"u":"images/","p":"img_130.jpg","e":0},{"id":"image_131","w":288,"h":512,"u":"images/","p":"img_131.jpg","e":0},{"id":"image_132","w":288,"h":512,"u":"images/","p":"img_132.jpg","e":0},{"id":"image_133","w":288,"h":512,"u":"images/","p":"img_133.jpg","e":0},{"id":"image_134","w":288,"h":512,"u":"images/","p":"img_134.jpg","e":0},{"id":"image_135","w":288,"h":512,"u":"images/","p":"img_135.jpg","e":0},{"id":"image_136","w":288,"h":512,"u":"images/","p":"img_136.jpg","e":0},{"id":"image_137","w":288,"h":512,"u":"images/","p":"img_137.jpg","e":0},{"id":"image_138","w":288,"h":512,"u":"images/","p":"img_138.jpg","e":0},{"id":"image_139","w":288,"h":512,"u":"images/","p":"img_139.jpg","e":0},{"id":"image_140","w":288,"h":512,"u":"images/","p":"img_140.jpg","e":0},{"id":"image_141","w":288,"h":512,"u":"images/","p":"img_141.jpg","e":0},{"id":"image_142","w":288,"h":512,"u":"images/","p":"img_142.jpg","e":0},{"id":"image_143","w":288,"h":512,"u":"images/","p":"img_143.jpg","e":0},{"id":"image_144","w":288,"h":512,"u":"images/","p":"img_144.jpg","e":0},{"id":"image_145","w":288,"h":512,"u":"images/","p":"img_145.jpg","e":0},{"id":"image_146","w":288,"h":512,"u":"images/","p":"img_146.jpg","e":0},{"id":"image_147","w":288,"h":512,"u":"images/","p":"img_147.jpg","e":0},{"id":"image_148","w":288,"h":512,"u":"images/","p":"img_148.jpg","e":0},{"id":"image_149","w":288,"h":512,"u":"images/","p":"img_149.jpg","e":0},{"id":"image_150","w":288,"h":512,"u":"images/","p":"img_150.jpg","e":0},{"id":"image_151","w":288,"h":512,"u":"images/","p":"img_151.jpg","e":0},{"id":"image_152","w":288,"h":512,"u":"images/","p":"img_152.jpg","e":0},{"id":"image_153","w":288,"h":512,"u":"images/","p":"img_153.jpg","e":0},{"id":"image_154","w":288,"h":512,"u":"images/","p":"img_154.jpg","e":0},{"id":"image_155","w":288,"h":512,"u":"images/","p":"img_155.jpg","e":0},{"id":"image_156","w":288,"h":512,"u":"images/","p":"img_156.jpg","e":0},{"id":"image_157","w":288,"h":512,"u":"images/","p":"img_157.jpg","e":0},{"id":"image_158","w":288,"h":512,"u":"images/","p":"img_158.jpg","e":0},{"id":"image_159","w":288,"h":512,"u":"images/","p":"img_159.jpg","e":0},{"id":"image_160","w":288,"h":512,"u":"images/","p":"img_160.jpg","e":0},{"id":"image_161","w":288,"h":512,"u":"images/","p":"img_161.jpg","e":0},{"id":"image_162","w":288,"h":512,"u":"images/","p":"img_162.jpg","e":0},{"id":"image_163","w":288,"h":512,"u":"images/","p":"img_163.jpg","e":0},{"id":"image_164","w":288,"h":512,"u":"images/","p":"img_164.jpg","e":0},{"id":"image_165","w":288,"h":512,"u":"images/","p":"img_165.jpg","e":0},{"id":"image_166","w":288,"h":512,"u":"images/","p":"img_166.jpg","e":0},{"id":"image_167","w":288,"h":512,"u":"images/","p":"img_167.jpg","e":0},{"id":"image_168","w":288,"h":512,"u":"images/","p":"img_168.jpg","e":0},{"id":"image_169","w":288,"h":512,"u":"images/","p":"img_169.jpg","e":0},{"id":"image_170","w":288,"h":512,"u":"images/","p":"img_170.jpg","e":0},{"id":"image_171","w":288,"h":512,"u":"images/","p":"img_171.jpg","e":0},{"id":"image_172","w":288,"h":512,"u":"images/","p":"img_172.jpg","e":0},{"id":"image_173","w":288,"h":512,"u":"images/","p":"img_173.jpg","e":0},{"id":"image_174","w":288,"h":512,"u":"images/","p":"img_174.jpg","e":0},{"id":"image_175","w":288,"h":512,"u":"images/","p":"img_175.jpg","e":0},{"id":"image_176","w":288,"h":512,"u":"images/","p":"img_176.jpg","e":0},{"id":"image_177","w":288,"h":512,"u":"images/","p":"img_177.jpg","e":0},{"id":"image_178","w":288,"h":512,"u":"images/","p":"img_178.jpg","e":0},{"id":"image_179","w":288,"h":512,"u":"images/","p":"img_179.jpg","e":0},{"id":"image_180","w":288,"h":512,"u":"images/","p":"img_180.jpg","e":0},{"id":"image_181","w":288,"h":512,"u":"images/","p":"img_181.jpg","e":0}],"layers":[{"ddd":0,"ind":1,"ty":2,"nm":"泪珠滑落_0.png","cl":"png","refId":"image_0","sr":1,"ks":{"o":{"a":0,"k":100,"ix":11},"r":{"a":0,"k":0,"ix":10},"p":{"a":0,"k":[144,256,0],"ix":2},"a":{"a":0,"k":[144,256,0],"ix":1},"s":{"a":0,"k":[100,100,100],"ix":6}},"ao":0,"ip":0,"op":0.8,"st":0,"bm":0},{"ddd":0,"ind":2,"ty":2,"nm":"泪珠滑落_1.png","cl":"png","refId":"image_1","sr":1,"ks":{"o":{"a":0,"k":100,"ix":11},"r":{"a":0,"k":0,"ix":10},"p":{"a":0,"k":[144,256,0],"ix":2},"a":{"a":0,"k":[144,256,0],"ix":1},"s":{"a":0,"k":[100,100,100],"ix":6}},"ao":0,"ip":0.8,"op":1.6,"st":0.8,"bm":0},{"ddd":0,"ind":3,"ty":2,"nm":"泪珠滑落_2.png","cl":"png","refId":"image_2","sr":1,"ks":{"o":{"a":0,"k":100,"ix":11},"r":{"a":0,"k":0,"ix":10},"p":{"a":0,"k":[144,256,0],"ix":2},"a":{"a":0,"k":[144,256,0],"ix":1},"s":{"a":0,"k":[100,100,100],"ix":6}},"ao":0,"ip":1.6,"op":2.4,"st":1.6,"bm":0},{"ddd":0,"ind":4,"ty":2,"nm":"泪珠滑落_3.png","cl":"png","refId":"image_3","sr":1,"ks":{"o":{"a":0,"k":100,"ix":11},"r":{"a":0,"k":0,"ix":10},"p":{"a":0,"k":[144,256,0],"ix":2},"a":{"a":0,"k":[144,256,0],"ix":1},"s":{"a":0,"k":[100,100,100],"ix":6}},"ao":0,"ip":2.4,"op":3.2,"st":2.4,"bm":0},{"ddd":0,"ind":5,"ty":2,"nm":"泪珠滑落_4.png","cl":"png","refId":"image_4","sr":1,"ks":{"o":{"a":0,"k":100,"ix":11},"r":{"a":0,"k":0,"ix":10},"p":{"a":0,"k":[144,256,0],"ix":2},"a":{"a":0,"k":[144,256,0],"ix":1},"s":{"a":0,"k":[100,100,100],"ix":6}},"ao":0,"ip":3.2,"op":4,"st":3.2,"bm":0},{"ddd":0,"ind":6,"ty":2,"nm":"泪珠滑落_5.png","cl":"png","refId":"image_5","sr":1,"ks":{"o":{"a":0,"k":100,"ix":11},"r":{"a":0,"k":0,"ix":10},"p":{"a":0,"k":[144,256,0],"ix":2},"a":{"a":0,"k":[144,256,0],"ix":1},"s":{"a":0,"k":[100,100,100],"ix":6}},"ao":0,"ip":4,"op":4.8,"st":4,"bm":0},{"ddd":0,"ind":7,"ty":2,"nm":"泪珠滑落_6.png","cl":"png","refId":"image_6","sr":1,"ks":{"o":{"a":0,"k":100,"ix":11},"r":{"a":0,"k":0,"ix":10},"p":{"a":0,"k":[144,256,0],"ix":2},"a":{"a":0,"k":[144,256,0],"ix":1},"s":{"a":0,"k":[100,100,100],"ix":6}},"ao":0,"ip":4.8,"op":5.6,"st":4.8,"bm":0},{"ddd":0,"ind":8,"ty":2,"nm":"泪珠滑落_7.png","cl":"png","refId":"image_7","sr":1,"ks":{"o":{"a":0,"k":100,"ix":11},"r":{"a":0,"k":0,"ix":10},"p":{"a":0,"k":[144,256,0],"ix":2},"a":{"a":0,"k":[144,256,0],"ix":1},"s":{"a":0,"k":[100,100,100],"ix":6}},"ao":0,"ip":5.6,"op":6.4,"st":5.6,"bm":0},{"ddd":0,"ind":9,"ty":2,"nm":"泪珠滑落_8.png","cl":"png","refId":"image_8","sr":1,"ks":{"o":{"a":0,"k":100,"ix":11},"r":{"a":0,"k":0,"ix":10},"p":{"a":0,"k":[144,256,0],"ix":2},"a":{"a":0,"k":[144,256,0],"ix":1},"s":{"a":0,"k":[100,100,100],"ix":6}},"ao":0,"ip":6.4,"op":7.2,"st":6.4,"bm":0},{"ddd":0,"ind":10,"ty":2,"nm":"泪珠滑落_9.png","cl":"png","refId":"image_9","sr":1,"ks":{"o":{"a":0,"k":100,"ix":11},"r":{"a":0,"k":0,"ix":10},"p":{"a":0,"k":[144,256,0],"ix":2},"a":{"a":0,"k":[144,256,0],"ix":1},"s":{"a":0,"k":[100,100,100],"ix":6}},"ao":0,"ip":7.2,"op":8,"st":7.2,"bm":0},{"ddd":0,"ind":11,"ty":2,"nm":"泪珠滑落_10.png","cl":"png","refId":"image_10","sr":1,"ks":{"o":{"a":0,"k":100,"ix":11},"r":{"a":0,"k":0,"ix":10},"p":{"a":0,"k":[144,256,0],"ix":2},"a":{"a":0,"k":[144,256,0],"ix":1},"s":{"a":0,"k":[100,100,100],"ix":6}},"ao":0,"ip":8,"op":8.8,"st":8,"bm":0},{"ddd":0,"ind":12,"ty":2,"nm":"泪珠滑落_11.png","cl":"png","refId":"image_11","sr":1,"ks":{"o":{"a":0,"k":100,"ix":11},"r":{"a":0,"k":0,"ix":10},"p":{"a":0,"k":[144,256,0],"ix":2},"a":{"a":0,"k":[144,256,0],"ix":1},"s":{"a":0,"k":[100,100,100],"ix":6}},"ao":0,"ip":8.8,"op":9.6,"st":8.8,"bm":0},{"ddd":0,"ind":13,"ty":2,"nm":"泪珠滑落_12.png","cl":"png","refId":"image_12","sr":1,"ks":{"o":{"a":0,"k":100,"ix":11},"r":{"a":0,"k":0,"ix":10},"p":{"a":0,"k":[144,256,0],"ix":2},"a":{"a":0,"k":[144,256,0],"ix":1},"s":{"a":0,"k":[100,100,100],"ix":6}},"ao":0,"ip":9.6,"op":10.4,"st":9.6,"bm":0},{"ddd":0,"ind":14,"ty":2,"nm":"泪珠滑落_13.png","cl":"png","refId":"image_13","sr":1,"ks":{"o":{"a":0,"k":100,"ix":11},"r":{"a":0,"k":0,"ix":10},"p":{"a":0,"k":[144,256,0],"ix":2},"a":{"a":0,"k":[144,256,0],"ix":1},"s":{"a":0,"k":[100,100,100],"ix":6}},"ao":0,"ip":10.4,"op":11.2,"st":10.4,"bm":0},{"ddd":0,"ind":15,"ty":2,"nm":"泪珠滑落_14.png","cl":"png","refId":"image_14","sr":1,"ks":{"o":{"a":0,"k":100,"ix":11},"r":{"a":0,"k":0,"ix":10},"p":{"a":0,"k":[144,256,0],"ix":2},"a":{"a":0,"k":[144,256,0],"ix":1},"s":{"a":0,"k":[100,100,100],"ix":6}},"ao":0,"ip":11.2,"op":12,"st":11.2,"bm":0},{"ddd":0,"ind":16,"ty":2,"nm":"泪珠滑落_15.png","cl":"png","refId":"image_15","sr":1,"ks":{"o":{"a":0,"k":100,"ix":11},"r":{"a":0,"k":0,"ix":10},"p":{"a":0,"k":[144,256,0],"ix":2},"a":{"a":0,"k":[144,256,0],"ix":1},"s":{"a":0,"k":[100,100,100],"ix":6}},"ao":0,"ip":12,"op":12.8,"st":12,"bm":0},{"ddd":0,"ind":17,"ty":2,"nm":"泪珠滑落_16.png","cl":"png","refId":"image_16","sr":1,"ks":{"o":{"a":0,"k":100,"ix":11},"r":{"a":0,"k":0,"ix":10},"p":{"a":0,"k":[144,256,0],"ix":2},"a":{"a":0,"k":[144,256,0],"ix":1},"s":{"a":0,"k":[100,100,100],"ix":6}},"ao":0,"ip":12.8,"op":13.6,"st":12.8,"bm":0},{"ddd":0,"ind":18,"ty":2,"nm":"泪珠滑落_17.png","cl":"png","refId":"image_17","sr":1,"ks":{"o":{"a":0,"k":100,"ix":11},"r":{"a":0,"k":0,"ix":10},"p":{"a":0,"k":[144,256,0],"ix":2},"a":{"a":0,"k":[144,256,0],"ix":1},"s":{"a":0,"k":[100,100,100],"ix":6}},"ao":0,"ip":13.6,"op":14.4,"st":13.6,"bm":0},{"ddd":0,"ind":19,"ty":2,"nm":"泪珠滑落_18.png","cl":"png","refId":"image_18","sr":1,"ks":{"o":{"a":0,"k":100,"ix":11},"r":{"a":0,"k":0,"ix":10},"p":{"a":0,"k":[144,256,0],"ix":2},"a":{"a":0,"k":[144,256,0],"ix":1},"s":{"a":0,"k":[100,100,100],"ix":6}},"ao":0,"ip":14.4,"op":15.2,"st":14.4,"bm":0},{"ddd":0,"ind":20,"ty":2,"nm":"泪珠滑落_19.png","cl":"png","refId":"image_19","sr":1,"ks":{"o":{"a":0,"k":100,"ix":11},"r":{"a":0,"k":0,"ix":10},"p":{"a":0,"k":[144,256,0],"ix":2},"a":{"a":0,"k":[144,256,0],"ix":1},"s":{"a":0,"k":[100,100,100],"ix":6}},"ao":0,"ip":15.2,"op":16,"st":15.2,"bm":0},{"ddd":0,"ind":21,"ty":2,"nm":"泪珠滑落_20.png","cl":"png","refId":"image_20","sr":1,"ks":{"o":{"a":0,"k":100,"ix":11},"r":{"a":0,"k":0,"ix":10},"p":{"a":0,"k":[144,256,0],"ix":2},"a":{"a":0,"k":[144,256,0],"ix":1},"s":{"a":0,"k":[100,100,100],"ix":6}},"ao":0,"ip":16,"op":16.8,"st":16,"bm":0},{"ddd":0,"ind":22,"ty":2,"nm":"泪珠滑落_21.png","cl":"png","refId":"image_21","sr":1,"ks":{"o":{"a":0,"k":100,"ix":11},"r":{"a":0,"k":0,"ix":10},"p":{"a":0,"k":[144,256,0],"ix":2},"a":{"a":0,"k":[144,256,0],"ix":1},"s":{"a":0,"k":[100,100,100],"ix":6}},"ao":0,"ip":16.8,"op":17.6,"st":16.8,"bm":0},{"ddd":0,"ind":23,"ty":2,"nm":"泪珠滑落_22.png","cl":"png","refId":"image_22","sr":1,"ks":{"o":{"a":0,"k":100,"ix":11},"r":{"a":0,"k":0,"ix":10},"p":{"a":0,"k":[144,256,0],"ix":2},"a":{"a":0,"k":[144,256,0],"ix":1},"s":{"a":0,"k":[100,100,100],"ix":6}},"ao":0,"ip":17.6,"op":18.4,"st":17.6,"bm":0},{"ddd":0,"ind":24,"ty":2,"nm":"泪珠滑落_23.png","cl":"png","refId":"image_23","sr":1,"ks":{"o":{"a":0,"k":100,"ix":11},"r":{"a":0,"k":0,"ix":10},"p":{"a":0,"k":[144,256,0],"ix":2},"a":{"a":0,"k":[144,256,0],"ix":1},"s":{"a":0,"k":[100,100,100],"ix":6}},"ao":0,"ip":18.4,"op":19.2,"st":18.4,"bm":0},{"ddd":0,"ind":25,"ty":2,"nm":"泪珠滑落_24.png","cl":"png","refId":"image_24","sr":1,"ks":{"o":{"a":0,"k":100,"ix":11},"r":{"a":0,"k":0,"ix":10},"p":{"a":0,"k":[144,256,0],"ix":2},"a":{"a":0,"k":[144,256,0],"ix":1},"s":{"a":0,"k":[100,100,100],"ix":6}},"ao":0,"ip":19.2,"op":20,"st":19.2,"bm":0},{"ddd":0,"ind":26,"ty":2,"nm":"泪珠滑落_25.png","cl":"png","refId":"image_25","sr":1,"ks":{"o":{"a":0,"k":100,"ix":11},"r":{"a":0,"k":0,"ix":10},"p":{"a":0,"k":[144,256,0],"ix":2},"a":{"a":0,"k":[144,256,0],"ix":1},"s":{"a":0,"k":[100,100,100],"ix":6}},"ao":0,"ip":20,"op":20.8,"st":20,"bm":0},{"ddd":0,"ind":27,"ty":2,"nm":"泪珠滑落_26.png","cl":"png","refId":"image_26","sr":1,"ks":{"o":{"a":0,"k":100,"ix":11},"r":{"a":0,"k":0,"ix":10},"p":{"a":0,"k":[144,256,0],"ix":2},"a":{"a":0,"k":[144,256,0],"ix":1},"s":{"a":0,"k":[100,100,100],"ix":6}},"ao":0,"ip":20.8,"op":21.6,"st":20.8,"bm":0},{"ddd":0,"ind":28,"ty":2,"nm":"泪珠滑落_27.png","cl":"png","refId":"image_27","sr":1,"ks":{"o":{"a":0,"k":100,"ix":11},"r":{"a":0,"k":0,"ix":10},"p":{"a":0,"k":[144,256,0],"ix":2},"a":{"a":0,"k":[144,256,0],"ix":1},"s":{"a":0,"k":[100,100,100],"ix":6}},"ao":0,"ip":21.6,"op":22.4,"st":21.6,"bm":0},{"ddd":0,"ind":29,"ty":2,"nm":"泪珠滑落_28.png","cl":"png","refId":"image_28","sr":1,"ks":{"o":{"a":0,"k":100,"ix":11},"r":{"a":0,"k":0,"ix":10},"p":{"a":0,"k":[144,256,0],"ix":2},"a":{"a":0,"k":[144,256,0],"ix":1},"s":{"a":0,"k":[100,100,100],"ix":6}},"ao":0,"ip":22.4,"op":23.2,"st":22.4,"bm":0},{"ddd":0,"ind":30,"ty":2,"nm":"泪珠滑落_29.png","cl":"png","refId":"image_29","sr":1,"ks":{"o":{"a":0,"k":100,"ix":11},"r":{"a":0,"k":0,"ix":10},"p":{"a":0,"k":[144,256,0],"ix":2},"a":{"a":0,"k":[144,256,0],"ix":1},"s":{"a":0,"k":[100,100,100],"ix":6}},"ao":0,"ip":23.2,"op":24,"st":23.2,"bm":0},{"ddd":0,"ind":31,"ty":2,"nm":"泪珠滑落_30.png","cl":"png","refId":"image_30","sr":1,"ks":{"o":{"a":0,"k":100,"ix":11},"r":{"a":0,"k":0,"ix":10},"p":{"a":0,"k":[144,256,0],"ix":2},"a":{"a":0,"k":[144,256,0],"ix":1},"s":{"a":0,"k":[100,100,100],"ix":6}},"ao":0,"ip":24,"op":24.8,"st":24,"bm":0},{"ddd":0,"ind":32,"ty":2,"nm":"泪珠滑落_31.png","cl":"png","refId":"image_31","sr":1,"ks":{"o":{"a":0,"k":100,"ix":11},"r":{"a":0,"k":0,"ix":10},"p":{"a":0,"k":[144,256,0],"ix":2},"a":{"a":0,"k":[144,256,0],"ix":1},"s":{"a":0,"k":[100,100,100],"ix":6}},"ao":0,"ip":24.8,"op":25.6,"st":24.8,"bm":0},{"ddd":0,"ind":33,"ty":2,"nm":"泪珠滑落_32.png","cl":"png","refId":"image_32","sr":1,"ks":{"o":{"a":0,"k":100,"ix":11},"r":{"a":0,"k":0,"ix":10},"p":{"a":0,"k":[144,256,0],"ix":2},"a":{"a":0,"k":[144,256,0],"ix":1},"s":{"a":0,"k":[100,100,100],"ix":6}},"ao":0,"ip":25.6,"op":26.4,"st":25.6,"bm":0},{"ddd":0,"ind":34,"ty":2,"nm":"泪珠滑落_33.png","cl":"png","refId":"image_33","sr":1,"ks":{"o":{"a":0,"k":100,"ix":11},"r":{"a":0,"k":0,"ix":10},"p":{"a":0,"k":[144,256,0],"ix":2},"a":{"a":0,"k":[144,256,0],"ix":1},"s":{"a":0,"k":[100,100,100],"ix":6}},"ao":0,"ip":26.4,"op":27.2,"st":26.4,"bm":0},{"ddd":0,"ind":35,"ty":2,"nm":"泪珠滑落_34.png","cl":"png","refId":"image_34","sr":1,"ks":{"o":{"a":0,"k":100,"ix":11},"r":{"a":0,"k":0,"ix":10},"p":{"a":0,"k":[144,256,0],"ix":2},"a":{"a":0,"k":[144,256,0],"ix":1},"s":{"a":0,"k":[100,100,100],"ix":6}},"ao":0,"ip":27.2,"op":28,"st":27.2,"bm":0},{"ddd":0,"ind":36,"ty":2,"nm":"泪珠滑落_35.png","cl":"png","refId":"image_35","sr":1,"ks":{"o":{"a":0,"k":100,"ix":11},"r":{"a":0,"k":0,"ix":10},"p":{"a":0,"k":[144,256,0],"ix":2},"a":{"a":0,"k":[144,256,0],"ix":1},"s":{"a":0,"k":[100,100,100],"ix":6}},"ao":0,"ip":28,"op":28.8,"st":28,"bm":0},{"ddd":0,"ind":37,"ty":2,"nm":"泪珠滑落_36.png","cl":"png","refId":"image_36","sr":1,"ks":{"o":{"a":0,"k":100,"ix":11},"r":{"a":0,"k":0,"ix":10},"p":{"a":0,"k":[144,256,0],"ix":2},"a":{"a":0,"k":[144,256,0],"ix":1},"s":{"a":0,"k":[100,100,100],"ix":6}},"ao":0,"ip":28.8,"op":29.6,"st":28.8,"bm":0},{"ddd":0,"ind":38,"ty":2,"nm":"泪珠滑落_37.png","cl":"png","refId":"image_37","sr":1,"ks":{"o":{"a":0,"k":100,"ix":11},"r":{"a":0,"k":0,"ix":10},"p":{"a":0,"k":[144,256,0],"ix":2},"a":{"a":0,"k":[144,256,0],"ix":1},"s":{"a":0,"k":[100,100,100],"ix":6}},"ao":0,"ip":29.6,"op":30.4,"st":29.6,"bm":0},{"ddd":0,"ind":39,"ty":2,"nm":"泪珠滑落_38.png","cl":"png","refId":"image_38","sr":1,"ks":{"o":{"a":0,"k":100,"ix":11},"r":{"a":0,"k":0,"ix":10},"p":{"a":0,"k":[144,256,0],"ix":2},"a":{"a":0,"k":[144,256,0],"ix":1},"s":{"a":0,"k":[100,100,100],"ix":6}},"ao":0,"ip":30.4,"op":31.2,"st":30.4,"bm":0},{"ddd":0,"ind":40,"ty":2,"nm":"泪珠滑落_39.png","cl":"png","refId":"image_39","sr":1,"ks":{"o":{"a":0,"k":100,"ix":11},"r":{"a":0,"k":0,"ix":10},"p":{"a":0,"k":[144,256,0],"ix":2},"a":{"a":0,"k":[144,256,0],"ix":1},"s":{"a":0,"k":[100,100,100],"ix":6}},"ao":0,"ip":31.2,"op":32,"st":31.2,"bm":0},{"ddd":0,"ind":41,"ty":2,"nm":"泪珠滑落_40.png","cl":"png","refId":"image_40","sr":1,"ks":{"o":{"a":0,"k":100,"ix":11},"r":{"a":0,"k":0,"ix":10},"p":{"a":0,"k":[144,256,0],"ix":2},"a":{"a":0,"k":[144,256,0],"ix":1},"s":{"a":0,"k":[100,100,100],"ix":6}},"ao":0,"ip":32,"op":32.8,"st":32,"bm":0},{"ddd":0,"ind":42,"ty":2,"nm":"泪珠滑落_41.png","cl":"png","refId":"image_41","sr":1,"ks":{"o":{"a":0,"k":100,"ix":11},"r":{"a":0,"k":0,"ix":10},"p":{"a":0,"k":[144,256,0],"ix":2},"a":{"a":0,"k":[144,256,0],"ix":1},"s":{"a":0,"k":[100,100,100],"ix":6}},"ao":0,"ip":32.8,"op":33.6,"st":32.8,"bm":0},{"ddd":0,"ind":43,"ty":2,"nm":"泪珠滑落_42.png","cl":"png","refId":"image_42","sr":1,"ks":{"o":{"a":0,"k":100,"ix":11},"r":{"a":0,"k":0,"ix":10},"p":{"a":0,"k":[144,256,0],"ix":2},"a":{"a":0,"k":[144,256,0],"ix":1},"s":{"a":0,"k":[100,100,100],"ix":6}},"ao":0,"ip":33.6,"op":34.4,"st":33.6,"bm":0},{"ddd":0,"ind":44,"ty":2,"nm":"泪珠滑落_43.png","cl":"png","refId":"image_43","sr":1,"ks":{"o":{"a":0,"k":100,"ix":11},"r":{"a":0,"k":0,"ix":10},"p":{"a":0,"k":[144,256,0],"ix":2},"a":{"a":0,"k":[144,256,0],"ix":1},"s":{"a":0,"k":[100,100,100],"ix":6}},"ao":0,"ip":34.4,"op":35.2,"st":34.4,"bm":0},{"ddd":0,"ind":45,"ty":2,"nm":"泪珠滑落_44.png","cl":"png","refId":"image_44","sr":1,"ks":{"o":{"a":0,"k":100,"ix":11},"r":{"a":0,"k":0,"ix":10},"p":{"a":0,"k":[144,256,0],"ix":2},"a":{"a":0,"k":[144,256,0],"ix":1},"s":{"a":0,"k":[100,100,100],"ix":6}},"ao":0,"ip":35.2,"op":36,"st":35.2,"bm":0},{"ddd":0,"ind":46,"ty":2,"nm":"泪珠滑落_45.png","cl":"png","refId":"image_45","sr":1,"ks":{"o":{"a":0,"k":100,"ix":11},"r":{"a":0,"k":0,"ix":10},"p":{"a":0,"k":[144,256,0],"ix":2},"a":{"a":0,"k":[144,256,0],"ix":1},"s":{"a":0,"k":[100,100,100],"ix":6}},"ao":0,"ip":36,"op":36.8,"st":36,"bm":0},{"ddd":0,"ind":47,"ty":2,"nm":"泪珠滑落_46.png","cl":"png","refId":"image_46","sr":1,"ks":{"o":{"a":0,"k":100,"ix":11},"r":{"a":0,"k":0,"ix":10},"p":{"a":0,"k":[144,256,0],"ix":2},"a":{"a":0,"k":[144,256,0],"ix":1},"s":{"a":0,"k":[100,100,100],"ix":6}},"ao":0,"ip":36.8,"op":37.6,"st":36.8,"bm":0},{"ddd":0,"ind":48,"ty":2,"nm":"泪珠滑落_47.png","cl":"png","refId":"image_47","sr":1,"ks":{"o":{"a":0,"k":100,"ix":11},"r":{"a":0,"k":0,"ix":10},"p":{"a":0,"k":[144,256,0],"ix":2},"a":{"a":0,"k":[144,256,0],"ix":1},"s":{"a":0,"k":[100,100,100],"ix":6}},"ao":0,"ip":37.6,"op":38.4,"st":37.6,"bm":0},{"ddd":0,"ind":49,"ty":2,"nm":"泪珠滑落_48.png","cl":"png","refId":"image_48","sr":1,"ks":{"o":{"a":0,"k":100,"ix":11},"r":{"a":0,"k":0,"ix":10},"p":{"a":0,"k":[144,256,0],"ix":2},"a":{"a":0,"k":[144,256,0],"ix":1},"s":{"a":0,"k":[100,100,100],"ix":6}},"ao":0,"ip":38.4,"op":39.2,"st":38.4,"bm":0},{"ddd":0,"ind":50,"ty":2,"nm":"泪珠滑落_49.png","cl":"png","refId":"image_49","sr":1,"ks":{"o":{"a":0,"k":100,"ix":11},"r":{"a":0,"k":0,"ix":10},"p":{"a":0,"k":[144,256,0],"ix":2},"a":{"a":0,"k":[144,256,0],"ix":1},"s":{"a":0,"k":[100,100,100],"ix":6}},"ao":0,"ip":39.2,"op":40,"st":39.2,"bm":0},{"ddd":0,"ind":51,"ty":2,"nm":"泪珠滑落_50.png","cl":"png","refId":"image_50","sr":1,"ks":{"o":{"a":0,"k":100,"ix":11},"r":{"a":0,"k":0,"ix":10},"p":{"a":0,"k":[144,256,0],"ix":2},"a":{"a":0,"k":[144,256,0],"ix":1},"s":{"a":0,"k":[100,100,100],"ix":6}},"ao":0,"ip":40,"op":40.8,"st":40,"bm":0},{"ddd":0,"ind":52,"ty":2,"nm":"泪珠滑落_51.png","cl":"png","refId":"image_51","sr":1,"ks":{"o":{"a":0,"k":100,"ix":11},"r":{"a":0,"k":0,"ix":10},"p":{"a":0,"k":[144,256,0],"ix":2},"a":{"a":0,"k":[144,256,0],"ix":1},"s":{"a":0,"k":[100,100,100],"ix":6}},"ao":0,"ip":40.8,"op":41.6,"st":40.8,"bm":0},{"ddd":0,"ind":53,"ty":2,"nm":"泪珠滑落_52.png","cl":"png","refId":"image_52","sr":1,"ks":{"o":{"a":0,"k":100,"ix":11},"r":{"a":0,"k":0,"ix":10},"p":{"a":0,"k":[144,256,0],"ix":2},"a":{"a":0,"k":[144,256,0],"ix":1},"s":{"a":0,"k":[100,100,100],"ix":6}},"ao":0,"ip":41.6,"op":42.4,"st":41.6,"bm":0},{"ddd":0,"ind":54,"ty":2,"nm":"泪珠滑落_53.png","cl":"png","refId":"image_53","sr":1,"ks":{"o":{"a":0,"k":100,"ix":11},"r":{"a":0,"k":0,"ix":10},"p":{"a":0,"k":[144,256,0],"ix":2},"a":{"a":0,"k":[144,256,0],"ix":1},"s":{"a":0,"k":[100,100,100],"ix":6}},"ao":0,"ip":42.4,"op":43.2,"st":42.4,"bm":0},{"ddd":0,"ind":55,"ty":2,"nm":"泪珠滑落_54.png","cl":"png","refId":"image_54","sr":1,"ks":{"o":{"a":0,"k":100,"ix":11},"r":{"a":0,"k":0,"ix":10},"p":{"a":0,"k":[144,256,0],"ix":2},"a":{"a":0,"k":[144,256,0],"ix":1},"s":{"a":0,"k":[100,100,100],"ix":6}},"ao":0,"ip":43.2,"op":44,"st":43.2,"bm":0},{"ddd":0,"ind":56,"ty":2,"nm":"泪珠滑落_55.png","cl":"png","refId":"image_55","sr":1,"ks":{"o":{"a":0,"k":100,"ix":11},"r":{"a":0,"k":0,"ix":10},"p":{"a":0,"k":[144,256,0],"ix":2},"a":{"a":0,"k":[144,256,0],"ix":1},"s":{"a":0,"k":[100,100,100],"ix":6}},"ao":0,"ip":44,"op":44.8,"st":44,"bm":0},{"ddd":0,"ind":57,"ty":2,"nm":"泪珠滑落_56.png","cl":"png","refId":"image_56","sr":1,"ks":{"o":{"a":0,"k":100,"ix":11},"r":{"a":0,"k":0,"ix":10},"p":{"a":0,"k":[144,256,0],"ix":2},"a":{"a":0,"k":[144,256,0],"ix":1},"s":{"a":0,"k":[100,100,100],"ix":6}},"ao":0,"ip":44.8,"op":45.6,"st":44.8,"bm":0},{"ddd":0,"ind":58,"ty":2,"nm":"泪珠滑落_57.png","cl":"png","refId":"image_57","sr":1,"ks":{"o":{"a":0,"k":100,"ix":11},"r":{"a":0,"k":0,"ix":10},"p":{"a":0,"k":[144,256,0],"ix":2},"a":{"a":0,"k":[144,256,0],"ix":1},"s":{"a":0,"k":[100,100,100],"ix":6}},"ao":0,"ip":45.6,"op":46.4,"st":45.6,"bm":0},{"ddd":0,"ind":59,"ty":2,"nm":"泪珠滑落_58.png","cl":"png","refId":"image_58","sr":1,"ks":{"o":{"a":0,"k":100,"ix":11},"r":{"a":0,"k":0,"ix":10},"p":{"a":0,"k":[144,256,0],"ix":2},"a":{"a":0,"k":[144,256,0],"ix":1},"s":{"a":0,"k":[100,100,100],"ix":6}},"ao":0,"ip":46.4,"op":47.2,"st":46.4,"bm":0},{"ddd":0,"ind":60,"ty":2,"nm":"泪珠滑落_59.png","cl":"png","refId":"image_59","sr":1,"ks":{"o":{"a":0,"k":100,"ix":11},"r":{"a":0,"k":0,"ix":10},"p":{"a":0,"k":[144,256,0],"ix":2},"a":{"a":0,"k":[144,256,0],"ix":1},"s":{"a":0,"k":[100,100,100],"ix":6}},"ao":0,"ip":47.2,"op":48,"st":47.2,"bm":0},{"ddd":0,"ind":61,"ty":2,"nm":"泪珠滑落_60.png","cl":"png","refId":"image_60","sr":1,"ks":{"o":{"a":0,"k":100,"ix":11},"r":{"a":0,"k":0,"ix":10},"p":{"a":0,"k":[144,256,0],"ix":2},"a":{"a":0,"k":[144,256,0],"ix":1},"s":{"a":0,"k":[100,100,100],"ix":6}},"ao":0,"ip":48,"op":48.8,"st":48,"bm":0},{"ddd":0,"ind":62,"ty":2,"nm":"泪珠滑落_61.png","cl":"png","refId":"image_61","sr":1,"ks":{"o":{"a":0,"k":100,"ix":11},"r":{"a":0,"k":0,"ix":10},"p":{"a":0,"k":[144,256,0],"ix":2},"a":{"a":0,"k":[144,256,0],"ix":1},"s":{"a":0,"k":[100,100,100],"ix":6}},"ao":0,"ip":48.8,"op":49.6,"st":48.8,"bm":0},{"ddd":0,"ind":63,"ty":2,"nm":"泪珠滑落_62.png","cl":"png","refId":"image_62","sr":1,"ks":{"o":{"a":0,"k":100,"ix":11},"r":{"a":0,"k":0,"ix":10},"p":{"a":0,"k":[144,256,0],"ix":2},"a":{"a":0,"k":[144,256,0],"ix":1},"s":{"a":0,"k":[100,100,100],"ix":6}},"ao":0,"ip":49.6,"op":50.4,"st":49.6,"bm":0},{"ddd":0,"ind":64,"ty":2,"nm":"泪珠滑落_63.png","cl":"png","refId":"image_63","sr":1,"ks":{"o":{"a":0,"k":100,"ix":11},"r":{"a":0,"k":0,"ix":10},"p":{"a":0,"k":[144,256,0],"ix":2},"a":{"a":0,"k":[144,256,0],"ix":1},"s":{"a":0,"k":[100,100,100],"ix":6}},"ao":0,"ip":50.4,"op":51.2,"st":50.4,"bm":0},{"ddd":0,"ind":65,"ty":2,"nm":"泪珠滑落_64.png","cl":"png","refId":"image_64","sr":1,"ks":{"o":{"a":0,"k":100,"ix":11},"r":{"a":0,"k":0,"ix":10},"p":{"a":0,"k":[144,256,0],"ix":2},"a":{"a":0,"k":[144,256,0],"ix":1},"s":{"a":0,"k":[100,100,100],"ix":6}},"ao":0,"ip":51.2,"op":52,"st":51.2,"bm":0},{"ddd":0,"ind":66,"ty":2,"nm":"泪珠滑落_65.png","cl":"png","refId":"image_65","sr":1,"ks":{"o":{"a":0,"k":100,"ix":11},"r":{"a":0,"k":0,"ix":10},"p":{"a":0,"k":[144,256,0],"ix":2},"a":{"a":0,"k":[144,256,0],"ix":1},"s":{"a":0,"k":[100,100,100],"ix":6}},"ao":0,"ip":52,"op":52.8,"st":52,"bm":0},{"ddd":0,"ind":67,"ty":2,"nm":"泪珠滑落_66.png","cl":"png","refId":"image_66","sr":1,"ks":{"o":{"a":0,"k":100,"ix":11},"r":{"a":0,"k":0,"ix":10},"p":{"a":0,"k":[144,256,0],"ix":2},"a":{"a":0,"k":[144,256,0],"ix":1},"s":{"a":0,"k":[100,100,100],"ix":6}},"ao":0,"ip":52.8,"op":53.6,"st":52.8,"bm":0},{"ddd":0,"ind":68,"ty":2,"nm":"泪珠滑落_67.png","cl":"png","refId":"image_67","sr":1,"ks":{"o":{"a":0,"k":100,"ix":11},"r":{"a":0,"k":0,"ix":10},"p":{"a":0,"k":[144,256,0],"ix":2},"a":{"a":0,"k":[144,256,0],"ix":1},"s":{"a":0,"k":[100,100,100],"ix":6}},"ao":0,"ip":53.6,"op":54.4,"st":53.6,"bm":0},{"ddd":0,"ind":69,"ty":2,"nm":"泪珠滑落_68.png","cl":"png","refId":"image_68","sr":1,"ks":{"o":{"a":0,"k":100,"ix":11},"r":{"a":0,"k":0,"ix":10},"p":{"a":0,"k":[144,256,0],"ix":2},"a":{"a":0,"k":[144,256,0],"ix":1},"s":{"a":0,"k":[100,100,100],"ix":6}},"ao":0,"ip":54.4,"op":55.2,"st":54.4,"bm":0},{"ddd":0,"ind":70,"ty":2,"nm":"泪珠滑落_69.png","cl":"png","refId":"image_69","sr":1,"ks":{"o":{"a":0,"k":100,"ix":11},"r":{"a":0,"k":0,"ix":10},"p":{"a":0,"k":[144,256,0],"ix":2},"a":{"a":0,"k":[144,256,0],"ix":1},"s":{"a":0,"k":[100,100,100],"ix":6}},"ao":0,"ip":55.2,"op":56,"st":55.2,"bm":0},{"ddd":0,"ind":71,"ty":2,"nm":"泪珠滑落_70.png","cl":"png","refId":"image_70","sr":1,"ks":{"o":{"a":0,"k":100,"ix":11},"r":{"a":0,"k":0,"ix":10},"p":{"a":0,"k":[144,256,0],"ix":2},"a":{"a":0,"k":[144,256,0],"ix":1},"s":{"a":0,"k":[100,100,100],"ix":6}},"ao":0,"ip":56,"op":56.8,"st":56,"bm":0},{"ddd":0,"ind":72,"ty":2,"nm":"泪珠滑落_71.png","cl":"png","refId":"image_71","sr":1,"ks":{"o":{"a":0,"k":100,"ix":11},"r":{"a":0,"k":0,"ix":10},"p":{"a":0,"k":[144,256,0],"ix":2},"a":{"a":0,"k":[144,256,0],"ix":1},"s":{"a":0,"k":[100,100,100],"ix":6}},"ao":0,"ip":56.8,"op":57.6,"st":56.8,"bm":0},{"ddd":0,"ind":73,"ty":2,"nm":"泪珠滑落_72.png","cl":"png","refId":"image_72","sr":1,"ks":{"o":{"a":0,"k":100,"ix":11},"r":{"a":0,"k":0,"ix":10},"p":{"a":0,"k":[144,256,0],"ix":2},"a":{"a":0,"k":[144,256,0],"ix":1},"s":{"a":0,"k":[100,100,100],"ix":6}},"ao":0,"ip":57.6,"op":58.4,"st":57.6,"bm":0},{"ddd":0,"ind":74,"ty":2,"nm":"泪珠滑落_73.png","cl":"png","refId":"image_73","sr":1,"ks":{"o":{"a":0,"k":100,"ix":11},"r":{"a":0,"k":0,"ix":10},"p":{"a":0,"k":[144,256,0],"ix":2},"a":{"a":0,"k":[144,256,0],"ix":1},"s":{"a":0,"k":[100,100,100],"ix":6}},"ao":0,"ip":58.4,"op":59.2,"st":58.4,"bm":0},{"ddd":0,"ind":75,"ty":2,"nm":"泪珠滑落_74.png","cl":"png","refId":"image_74","sr":1,"ks":{"o":{"a":0,"k":100,"ix":11},"r":{"a":0,"k":0,"ix":10},"p":{"a":0,"k":[144,256,0],"ix":2},"a":{"a":0,"k":[144,256,0],"ix":1},"s":{"a":0,"k":[100,100,100],"ix":6}},"ao":0,"ip":59.2,"op":60,"st":59.2,"bm":0},{"ddd":0,"ind":76,"ty":2,"nm":"泪珠滑落_75.png","cl":"png","refId":"image_75","sr":1,"ks":{"o":{"a":0,"k":100,"ix":11},"r":{"a":0,"k":0,"ix":10},"p":{"a":0,"k":[144,256,0],"ix":2},"a":{"a":0,"k":[144,256,0],"ix":1},"s":{"a":0,"k":[100,100,100],"ix":6}},"ao":0,"ip":60,"op":60.8,"st":60,"bm":0},{"ddd":0,"ind":77,"ty":2,"nm":"泪珠滑落_76.png","cl":"png","refId":"image_76","sr":1,"ks":{"o":{"a":0,"k":100,"ix":11},"r":{"a":0,"k":0,"ix":10},"p":{"a":0,"k":[144,256,0],"ix":2},"a":{"a":0,"k":[144,256,0],"ix":1},"s":{"a":0,"k":[100,100,100],"ix":6}},"ao":0,"ip":60.8,"op":61.6,"st":60.8,"bm":0},{"ddd":0,"ind":78,"ty":2,"nm":"泪珠滑落_77.png","cl":"png","refId":"image_77","sr":1,"ks":{"o":{"a":0,"k":100,"ix":11},"r":{"a":0,"k":0,"ix":10},"p":{"a":0,"k":[144,256,0],"ix":2},"a":{"a":0,"k":[144,256,0],"ix":1},"s":{"a":0,"k":[100,100,100],"ix":6}},"ao":0,"ip":61.6,"op":62.4,"st":61.6,"bm":0},{"ddd":0,"ind":79,"ty":2,"nm":"泪珠滑落_78.png","cl":"png","refId":"image_78","sr":1,"ks":{"o":{"a":0,"k":100,"ix":11},"r":{"a":0,"k":0,"ix":10},"p":{"a":0,"k":[144,256,0],"ix":2},"a":{"a":0,"k":[144,256,0],"ix":1},"s":{"a":0,"k":[100,100,100],"ix":6}},"ao":0,"ip":62.4,"op":63.2,"st":62.4,"bm":0},{"ddd":0,"ind":80,"ty":2,"nm":"泪珠滑落_79.png","cl":"png","refId":"image_79","sr":1,"ks":{"o":{"a":0,"k":100,"ix":11},"r":{"a":0,"k":0,"ix":10},"p":{"a":0,"k":[144,256,0],"ix":2},"a":{"a":0,"k":[144,256,0],"ix":1},"s":{"a":0,"k":[100,100,100],"ix":6}},"ao":0,"ip":63.2,"op":64,"st":63.2,"bm":0},{"ddd":0,"ind":81,"ty":2,"nm":"泪珠滑落_80.png","cl":"png","refId":"image_80","sr":1,"ks":{"o":{"a":0,"k":100,"ix":11},"r":{"a":0,"k":0,"ix":10},"p":{"a":0,"k":[144,256,0],"ix":2},"a":{"a":0,"k":[144,256,0],"ix":1},"s":{"a":0,"k":[100,100,100],"ix":6}},"ao":0,"ip":64,"op":64.8,"st":64,"bm":0},{"ddd":0,"ind":82,"ty":2,"nm":"泪珠滑落_81.png","cl":"png","refId":"image_81","sr":1,"ks":{"o":{"a":0,"k":100,"ix":11},"r":{"a":0,"k":0,"ix":10},"p":{"a":0,"k":[144,256,0],"ix":2},"a":{"a":0,"k":[144,256,0],"ix":1},"s":{"a":0,"k":[100,100,100],"ix":6}},"ao":0,"ip":64.8,"op":65.6,"st":64.8,"bm":0},{"ddd":0,"ind":83,"ty":2,"nm":"泪珠滑落_82.png","cl":"png","refId":"image_82","sr":1,"ks":{"o":{"a":0,"k":100,"ix":11},"r":{"a":0,"k":0,"ix":10},"p":{"a":0,"k":[144,256,0],"ix":2},"a":{"a":0,"k":[144,256,0],"ix":1},"s":{"a":0,"k":[100,100,100],"ix":6}},"ao":0,"ip":65.6,"op":66.4,"st":65.6,"bm":0},{"ddd":0,"ind":84,"ty":2,"nm":"泪珠滑落_83.png","cl":"png","refId":"image_83","sr":1,"ks":{"o":{"a":0,"k":100,"ix":11},"r":{"a":0,"k":0,"ix":10},"p":{"a":0,"k":[144,256,0],"ix":2},"a":{"a":0,"k":[144,256,0],"ix":1},"s":{"a":0,"k":[100,100,100],"ix":6}},"ao":0,"ip":66.4,"op":67.2,"st":66.4,"bm":0},{"ddd":0,"ind":85,"ty":2,"nm":"泪珠滑落_84.png","cl":"png","refId":"image_84","sr":1,"ks":{"o":{"a":0,"k":100,"ix":11},"r":{"a":0,"k":0,"ix":10},"p":{"a":0,"k":[144,256,0],"ix":2},"a":{"a":0,"k":[144,256,0],"ix":1},"s":{"a":0,"k":[100,100,100],"ix":6}},"ao":0,"ip":67.2,"op":68,"st":67.2,"bm":0},{"ddd":0,"ind":86,"ty":2,"nm":"泪珠滑落_85.png","cl":"png","refId":"image_85","sr":1,"ks":{"o":{"a":0,"k":100,"ix":11},"r":{"a":0,"k":0,"ix":10},"p":{"a":0,"k":[144,256,0],"ix":2},"a":{"a":0,"k":[144,256,0],"ix":1},"s":{"a":0,"k":[100,100,100],"ix":6}},"ao":0,"ip":68,"op":68.8,"st":68,"bm":0},{"ddd":0,"ind":87,"ty":2,"nm":"泪珠滑落_86.png","cl":"png","refId":"image_86","sr":1,"ks":{"o":{"a":0,"k":100,"ix":11},"r":{"a":0,"k":0,"ix":10},"p":{"a":0,"k":[144,256,0],"ix":2},"a":{"a":0,"k":[144,256,0],"ix":1},"s":{"a":0,"k":[100,100,100],"ix":6}},"ao":0,"ip":68.8,"op":69.6,"st":68.8,"bm":0},{"ddd":0,"ind":88,"ty":2,"nm":"泪珠滑落_87.png","cl":"png","refId":"image_87","sr":1,"ks":{"o":{"a":0,"k":100,"ix":11},"r":{"a":0,"k":0,"ix":10},"p":{"a":0,"k":[144,256,0],"ix":2},"a":{"a":0,"k":[144,256,0],"ix":1},"s":{"a":0,"k":[100,100,100],"ix":6}},"ao":0,"ip":69.6,"op":70.4,"st":69.6,"bm":0},{"ddd":0,"ind":89,"ty":2,"nm":"泪珠滑落_88.png","cl":"png","refId":"image_88","sr":1,"ks":{"o":{"a":0,"k":100,"ix":11},"r":{"a":0,"k":0,"ix":10},"p":{"a":0,"k":[144,256,0],"ix":2},"a":{"a":0,"k":[144,256,0],"ix":1},"s":{"a":0,"k":[100,100,100],"ix":6}},"ao":0,"ip":70.4,"op":71.2,"st":70.4,"bm":0},{"ddd":0,"ind":90,"ty":2,"nm":"泪珠滑落_89.png","cl":"png","refId":"image_89","sr":1,"ks":{"o":{"a":0,"k":100,"ix":11},"r":{"a":0,"k":0,"ix":10},"p":{"a":0,"k":[144,256,0],"ix":2},"a":{"a":0,"k":[144,256,0],"ix":1},"s":{"a":0,"k":[100,100,100],"ix":6}},"ao":0,"ip":71.2,"op":72,"st":71.2,"bm":0},{"ddd":0,"ind":91,"ty":2,"nm":"泪珠滑落_90.png","cl":"png","refId":"image_90","sr":1,"ks":{"o":{"a":0,"k":100,"ix":11},"r":{"a":0,"k":0,"ix":10},"p":{"a":0,"k":[144,256,0],"ix":2},"a":{"a":0,"k":[144,256,0],"ix":1},"s":{"a":0,"k":[100,100,100],"ix":6}},"ao":0,"ip":72,"op":72.8,"st":72,"bm":0},{"ddd":0,"ind":92,"ty":2,"nm":"泪珠滑落_91.png","cl":"png","refId":"image_91","sr":1,"ks":{"o":{"a":0,"k":100,"ix":11},"r":{"a":0,"k":0,"ix":10},"p":{"a":0,"k":[144,256,0],"ix":2},"a":{"a":0,"k":[144,256,0],"ix":1},"s":{"a":0,"k":[100,100,100],"ix":6}},"ao":0,"ip":72.8,"op":73.6,"st":72.8,"bm":0},{"ddd":0,"ind":93,"ty":2,"nm":"泪珠滑落_92.png","cl":"png","refId":"image_92","sr":1,"ks":{"o":{"a":0,"k":100,"ix":11},"r":{"a":0,"k":0,"ix":10},"p":{"a":0,"k":[144,256,0],"ix":2},"a":{"a":0,"k":[144,256,0],"ix":1},"s":{"a":0,"k":[100,100,100],"ix":6}},"ao":0,"ip":73.6,"op":74.4,"st":73.6,"bm":0},{"ddd":0,"ind":94,"ty":2,"nm":"泪珠滑落_93.png","cl":"png","refId":"image_93","sr":1,"ks":{"o":{"a":0,"k":100,"ix":11},"r":{"a":0,"k":0,"ix":10},"p":{"a":0,"k":[144,256,0],"ix":2},"a":{"a":0,"k":[144,256,0],"ix":1},"s":{"a":0,"k":[100,100,100],"ix":6}},"ao":0,"ip":74.4,"op":75.2,"st":74.4,"bm":0},{"ddd":0,"ind":95,"ty":2,"nm":"泪珠滑落_94.png","cl":"png","refId":"image_94","sr":1,"ks":{"o":{"a":0,"k":100,"ix":11},"r":{"a":0,"k":0,"ix":10},"p":{"a":0,"k":[144,256,0],"ix":2},"a":{"a":0,"k":[144,256,0],"ix":1},"s":{"a":0,"k":[100,100,100],"ix":6}},"ao":0,"ip":75.2,"op":76,"st":75.2,"bm":0},{"ddd":0,"ind":96,"ty":2,"nm":"泪珠滑落_95.png","cl":"png","refId":"image_95","sr":1,"ks":{"o":{"a":0,"k":100,"ix":11},"r":{"a":0,"k":0,"ix":10},"p":{"a":0,"k":[144,256,0],"ix":2},"a":{"a":0,"k":[144,256,0],"ix":1},"s":{"a":0,"k":[100,100,100],"ix":6}},"ao":0,"ip":76,"op":76.8,"st":76,"bm":0},{"ddd":0,"ind":97,"ty":2,"nm":"泪珠滑落_96.png","cl":"png","refId":"image_96","sr":1,"ks":{"o":{"a":0,"k":100,"ix":11},"r":{"a":0,"k":0,"ix":10},"p":{"a":0,"k":[144,256,0],"ix":2},"a":{"a":0,"k":[144,256,0],"ix":1},"s":{"a":0,"k":[100,100,100],"ix":6}},"ao":0,"ip":76.8,"op":77.6,"st":76.8,"bm":0},{"ddd":0,"ind":98,"ty":2,"nm":"泪珠滑落_97.png","cl":"png","refId":"image_97","sr":1,"ks":{"o":{"a":0,"k":100,"ix":11},"r":{"a":0,"k":0,"ix":10},"p":{"a":0,"k":[144,256,0],"ix":2},"a":{"a":0,"k":[144,256,0],"ix":1},"s":{"a":0,"k":[100,100,100],"ix":6}},"ao":0,"ip":77.6,"op":78.4,"st":77.6,"bm":0},{"ddd":0,"ind":99,"ty":2,"nm":"泪珠滑落_98.png","cl":"png","refId":"image_98","sr":1,"ks":{"o":{"a":0,"k":100,"ix":11},"r":{"a":0,"k":0,"ix":10},"p":{"a":0,"k":[144,256,0],"ix":2},"a":{"a":0,"k":[144,256,0],"ix":1},"s":{"a":0,"k":[100,100,100],"ix":6}},"ao":0,"ip":78.4,"op":79.2,"st":78.4,"bm":0},{"ddd":0,"ind":100,"ty":2,"nm":"泪珠滑落_99.png","cl":"png","refId":"image_99","sr":1,"ks":{"o":{"a":0,"k":100,"ix":11},"r":{"a":0,"k":0,"ix":10},"p":{"a":0,"k":[144,256,0],"ix":2},"a":{"a":0,"k":[144,256,0],"ix":1},"s":{"a":0,"k":[100,100,100],"ix":6}},"ao":0,"ip":79.2,"op":80,"st":79.2,"bm":0},{"ddd":0,"ind":101,"ty":2,"nm":"泪珠滑落_100.png","cl":"png","refId":"image_100","sr":1,"ks":{"o":{"a":0,"k":100,"ix":11},"r":{"a":0,"k":0,"ix":10},"p":{"a":0,"k":[144,256,0],"ix":2},"a":{"a":0,"k":[144,256,0],"ix":1},"s":{"a":0,"k":[100,100,100],"ix":6}},"ao":0,"ip":80,"op":80.8,"st":80,"bm":0},{"ddd":0,"ind":102,"ty":2,"nm":"泪珠滑落_101.png","cl":"png","refId":"image_101","sr":1,"ks":{"o":{"a":0,"k":100,"ix":11},"r":{"a":0,"k":0,"ix":10},"p":{"a":0,"k":[144,256,0],"ix":2},"a":{"a":0,"k":[144,256,0],"ix":1},"s":{"a":0,"k":[100,100,100],"ix":6}},"ao":0,"ip":80.8,"op":81.6,"st":80.8,"bm":0},{"ddd":0,"ind":103,"ty":2,"nm":"泪珠滑落_102.png","cl":"png","refId":"image_102","sr":1,"ks":{"o":{"a":0,"k":100,"ix":11},"r":{"a":0,"k":0,"ix":10},"p":{"a":0,"k":[144,256,0],"ix":2},"a":{"a":0,"k":[144,256,0],"ix":1},"s":{"a":0,"k":[100,100,100],"ix":6}},"ao":0,"ip":81.6,"op":82.4,"st":81.6,"bm":0},{"ddd":0,"ind":104,"ty":2,"nm":"泪珠滑落_103.png","cl":"png","refId":"image_103","sr":1,"ks":{"o":{"a":0,"k":100,"ix":11},"r":{"a":0,"k":0,"ix":10},"p":{"a":0,"k":[144,256,0],"ix":2},"a":{"a":0,"k":[144,256,0],"ix":1},"s":{"a":0,"k":[100,100,100],"ix":6}},"ao":0,"ip":82.4,"op":83.2,"st":82.4,"bm":0},{"ddd":0,"ind":105,"ty":2,"nm":"泪珠滑落_104.png","cl":"png","refId":"image_104","sr":1,"ks":{"o":{"a":0,"k":100,"ix":11},"r":{"a":0,"k":0,"ix":10},"p":{"a":0,"k":[144,256,0],"ix":2},"a":{"a":0,"k":[144,256,0],"ix":1},"s":{"a":0,"k":[100,100,100],"ix":6}},"ao":0,"ip":83.2,"op":84,"st":83.2,"bm":0},{"ddd":0,"ind":106,"ty":2,"nm":"泪珠滑落_105.png","cl":"png","refId":"image_105","sr":1,"ks":{"o":{"a":0,"k":100,"ix":11},"r":{"a":0,"k":0,"ix":10},"p":{"a":0,"k":[144,256,0],"ix":2},"a":{"a":0,"k":[144,256,0],"ix":1},"s":{"a":0,"k":[100,100,100],"ix":6}},"ao":0,"ip":84,"op":84.8,"st":84,"bm":0},{"ddd":0,"ind":107,"ty":2,"nm":"泪珠滑落_106.png","cl":"png","refId":"image_106","sr":1,"ks":{"o":{"a":0,"k":100,"ix":11},"r":{"a":0,"k":0,"ix":10},"p":{"a":0,"k":[144,256,0],"ix":2},"a":{"a":0,"k":[144,256,0],"ix":1},"s":{"a":0,"k":[100,100,100],"ix":6}},"ao":0,"ip":84.8,"op":85.6,"st":84.8,"bm":0},{"ddd":0,"ind":108,"ty":2,"nm":"泪珠滑落_107.png","cl":"png","refId":"image_107","sr":1,"ks":{"o":{"a":0,"k":100,"ix":11},"r":{"a":0,"k":0,"ix":10},"p":{"a":0,"k":[144,256,0],"ix":2},"a":{"a":0,"k":[144,256,0],"ix":1},"s":{"a":0,"k":[100,100,100],"ix":6}},"ao":0,"ip":85.6,"op":86.4,"st":85.6,"bm":0},{"ddd":0,"ind":109,"ty":2,"nm":"泪珠滑落_108.png","cl":"png","refId":"image_108","sr":1,"ks":{"o":{"a":0,"k":100,"ix":11},"r":{"a":0,"k":0,"ix":10},"p":{"a":0,"k":[144,256,0],"ix":2},"a":{"a":0,"k":[144,256,0],"ix":1},"s":{"a":0,"k":[100,100,100],"ix":6}},"ao":0,"ip":86.4,"op":87.2,"st":86.4,"bm":0},{"ddd":0,"ind":110,"ty":2,"nm":"泪珠滑落_109.png","cl":"png","refId":"image_109","sr":1,"ks":{"o":{"a":0,"k":100,"ix":11},"r":{"a":0,"k":0,"ix":10},"p":{"a":0,"k":[144,256,0],"ix":2},"a":{"a":0,"k":[144,256,0],"ix":1},"s":{"a":0,"k":[100,100,100],"ix":6}},"ao":0,"ip":87.2,"op":88,"st":87.2,"bm":0},{"ddd":0,"ind":111,"ty":2,"nm":"泪珠滑落_110.png","cl":"png","refId":"image_110","sr":1,"ks":{"o":{"a":0,"k":100,"ix":11},"r":{"a":0,"k":0,"ix":10},"p":{"a":0,"k":[144,256,0],"ix":2},"a":{"a":0,"k":[144,256,0],"ix":1},"s":{"a":0,"k":[100,100,100],"ix":6}},"ao":0,"ip":88,"op":88.8,"st":88,"bm":0},{"ddd":0,"ind":112,"ty":2,"nm":"泪珠滑落_111.png","cl":"png","refId":"image_111","sr":1,"ks":{"o":{"a":0,"k":100,"ix":11},"r":{"a":0,"k":0,"ix":10},"p":{"a":0,"k":[144,256,0],"ix":2},"a":{"a":0,"k":[144,256,0],"ix":1},"s":{"a":0,"k":[100,100,100],"ix":6}},"ao":0,"ip":88.8,"op":89.6,"st":88.8,"bm":0},{"ddd":0,"ind":113,"ty":2,"nm":"泪珠滑落_112.png","cl":"png","refId":"image_112","sr":1,"ks":{"o":{"a":0,"k":100,"ix":11},"r":{"a":0,"k":0,"ix":10},"p":{"a":0,"k":[144,256,0],"ix":2},"a":{"a":0,"k":[144,256,0],"ix":1},"s":{"a":0,"k":[100,100,100],"ix":6}},"ao":0,"ip":89.6,"op":90.4,"st":89.6,"bm":0},{"ddd":0,"ind":114,"ty":2,"nm":"泪珠滑落_113.png","cl":"png","refId":"image_113","sr":1,"ks":{"o":{"a":0,"k":100,"ix":11},"r":{"a":0,"k":0,"ix":10},"p":{"a":0,"k":[144,256,0],"ix":2},"a":{"a":0,"k":[144,256,0],"ix":1},"s":{"a":0,"k":[100,100,100],"ix":6}},"ao":0,"ip":90.4,"op":91.2,"st":90.4,"bm":0},{"ddd":0,"ind":115,"ty":2,"nm":"泪珠滑落_114.png","cl":"png","refId":"image_114","sr":1,"ks":{"o":{"a":0,"k":100,"ix":11},"r":{"a":0,"k":0,"ix":10},"p":{"a":0,"k":[144,256,0],"ix":2},"a":{"a":0,"k":[144,256,0],"ix":1},"s":{"a":0,"k":[100,100,100],"ix":6}},"ao":0,"ip":91.2,"op":92,"st":91.2,"bm":0},{"ddd":0,"ind":116,"ty":2,"nm":"泪珠滑落_115.png","cl":"png","refId":"image_115","sr":1,"ks":{"o":{"a":0,"k":100,"ix":11},"r":{"a":0,"k":0,"ix":10},"p":{"a":0,"k":[144,256,0],"ix":2},"a":{"a":0,"k":[144,256,0],"ix":1},"s":{"a":0,"k":[100,100,100],"ix":6}},"ao":0,"ip":92,"op":92.8,"st":92,"bm":0},{"ddd":0,"ind":117,"ty":2,"nm":"泪珠滑落_116.png","cl":"png","refId":"image_116","sr":1,"ks":{"o":{"a":0,"k":100,"ix":11},"r":{"a":0,"k":0,"ix":10},"p":{"a":0,"k":[144,256,0],"ix":2},"a":{"a":0,"k":[144,256,0],"ix":1},"s":{"a":0,"k":[100,100,100],"ix":6}},"ao":0,"ip":92.8,"op":93.6,"st":92.8,"bm":0},{"ddd":0,"ind":118,"ty":2,"nm":"泪珠滑落_117.png","cl":"png","refId":"image_117","sr":1,"ks":{"o":{"a":0,"k":100,"ix":11},"r":{"a":0,"k":0,"ix":10},"p":{"a":0,"k":[144,256,0],"ix":2},"a":{"a":0,"k":[144,256,0],"ix":1},"s":{"a":0,"k":[100,100,100],"ix":6}},"ao":0,"ip":93.6,"op":94.4,"st":93.6,"bm":0},{"ddd":0,"ind":119,"ty":2,"nm":"泪珠滑落_118.png","cl":"png","refId":"image_118","sr":1,"ks":{"o":{"a":0,"k":100,"ix":11},"r":{"a":0,"k":0,"ix":10},"p":{"a":0,"k":[144,256,0],"ix":2},"a":{"a":0,"k":[144,256,0],"ix":1},"s":{"a":0,"k":[100,100,100],"ix":6}},"ao":0,"ip":94.4,"op":95.2,"st":94.4,"bm":0},{"ddd":0,"ind":120,"ty":2,"nm":"泪珠滑落_119.png","cl":"png","refId":"image_119","sr":1,"ks":{"o":{"a":0,"k":100,"ix":11},"r":{"a":0,"k":0,"ix":10},"p":{"a":0,"k":[144,256,0],"ix":2},"a":{"a":0,"k":[144,256,0],"ix":1},"s":{"a":0,"k":[100,100,100],"ix":6}},"ao":0,"ip":95.2,"op":96,"st":95.2,"bm":0},{"ddd":0,"ind":121,"ty":2,"nm":"泪珠滑落_120.png","cl":"png","refId":"image_120","sr":1,"ks":{"o":{"a":0,"k":100,"ix":11},"r":{"a":0,"k":0,"ix":10},"p":{"a":0,"k":[144,256,0],"ix":2},"a":{"a":0,"k":[144,256,0],"ix":1},"s":{"a":0,"k":[100,100,100],"ix":6}},"ao":0,"ip":96,"op":96.8,"st":96,"bm":0},{"ddd":0,"ind":122,"ty":2,"nm":"泪珠滑落_121.png","cl":"png","refId":"image_121","sr":1,"ks":{"o":{"a":0,"k":100,"ix":11},"r":{"a":0,"k":0,"ix":10},"p":{"a":0,"k":[144,256,0],"ix":2},"a":{"a":0,"k":[144,256,0],"ix":1},"s":{"a":0,"k":[100,100,100],"ix":6}},"ao":0,"ip":96.8,"op":97.6,"st":96.8,"bm":0},{"ddd":0,"ind":123,"ty":2,"nm":"泪珠滑落_122.png","cl":"png","refId":"image_122","sr":1,"ks":{"o":{"a":0,"k":100,"ix":11},"r":{"a":0,"k":0,"ix":10},"p":{"a":0,"k":[144,256,0],"ix":2},"a":{"a":0,"k":[144,256,0],"ix":1},"s":{"a":0,"k":[100,100,100],"ix":6}},"ao":0,"ip":97.6,"op":98.4,"st":97.6,"bm":0},{"ddd":0,"ind":124,"ty":2,"nm":"泪珠滑落_123.png","cl":"png","refId":"image_123","sr":1,"ks":{"o":{"a":0,"k":100,"ix":11},"r":{"a":0,"k":0,"ix":10},"p":{"a":0,"k":[144,256,0],"ix":2},"a":{"a":0,"k":[144,256,0],"ix":1},"s":{"a":0,"k":[100,100,100],"ix":6}},"ao":0,"ip":98.4,"op":99.2,"st":98.4,"bm":0},{"ddd":0,"ind":125,"ty":2,"nm":"泪珠滑落_124.png","cl":"png","refId":"image_124","sr":1,"ks":{"o":{"a":0,"k":100,"ix":11},"r":{"a":0,"k":0,"ix":10},"p":{"a":0,"k":[144,256,0],"ix":2},"a":{"a":0,"k":[144,256,0],"ix":1},"s":{"a":0,"k":[100,100,100],"ix":6}},"ao":0,"ip":99.2,"op":100,"st":99.2,"bm":0},{"ddd":0,"ind":126,"ty":2,"nm":"泪珠滑落_125.png","cl":"png","refId":"image_125","sr":1,"ks":{"o":{"a":0,"k":100,"ix":11},"r":{"a":0,"k":0,"ix":10},"p":{"a":0,"k":[144,256,0],"ix":2},"a":{"a":0,"k":[144,256,0],"ix":1},"s":{"a":0,"k":[100,100,100],"ix":6}},"ao":0,"ip":100,"op":100.8,"st":100,"bm":0},{"ddd":0,"ind":127,"ty":2,"nm":"泪珠滑落_126.png","cl":"png","refId":"image_126","sr":1,"ks":{"o":{"a":0,"k":100,"ix":11},"r":{"a":0,"k":0,"ix":10},"p":{"a":0,"k":[144,256,0],"ix":2},"a":{"a":0,"k":[144,256,0],"ix":1},"s":{"a":0,"k":[100,100,100],"ix":6}},"ao":0,"ip":100.8,"op":101.6,"st":100.8,"bm":0},{"ddd":0,"ind":128,"ty":2,"nm":"泪珠滑落_127.png","cl":"png","refId":"image_127","sr":1,"ks":{"o":{"a":0,"k":100,"ix":11},"r":{"a":0,"k":0,"ix":10},"p":{"a":0,"k":[144,256,0],"ix":2},"a":{"a":0,"k":[144,256,0],"ix":1},"s":{"a":0,"k":[100,100,100],"ix":6}},"ao":0,"ip":101.6,"op":102.4,"st":101.6,"bm":0},{"ddd":0,"ind":129,"ty":2,"nm":"泪珠滑落_128.png","cl":"png","refId":"image_128","sr":1,"ks":{"o":{"a":0,"k":100,"ix":11},"r":{"a":0,"k":0,"ix":10},"p":{"a":0,"k":[144,256,0],"ix":2},"a":{"a":0,"k":[144,256,0],"ix":1},"s":{"a":0,"k":[100,100,100],"ix":6}},"ao":0,"ip":102.4,"op":103.2,"st":102.4,"bm":0},{"ddd":0,"ind":130,"ty":2,"nm":"泪珠滑落_129.png","cl":"png","refId":"image_129","sr":1,"ks":{"o":{"a":0,"k":100,"ix":11},"r":{"a":0,"k":0,"ix":10},"p":{"a":0,"k":[144,256,0],"ix":2},"a":{"a":0,"k":[144,256,0],"ix":1},"s":{"a":0,"k":[100,100,100],"ix":6}},"ao":0,"ip":103.2,"op":104,"st":103.2,"bm":0},{"ddd":0,"ind":131,"ty":2,"nm":"泪珠滑落_130.png","cl":"png","refId":"image_130","sr":1,"ks":{"o":{"a":0,"k":100,"ix":11},"r":{"a":0,"k":0,"ix":10},"p":{"a":0,"k":[144,256,0],"ix":2},"a":{"a":0,"k":[144,256,0],"ix":1},"s":{"a":0,"k":[100,100,100],"ix":6}},"ao":0,"ip":104,"op":104.8,"st":104,"bm":0},{"ddd":0,"ind":132,"ty":2,"nm":"泪珠滑落_131.png","cl":"png","refId":"image_131","sr":1,"ks":{"o":{"a":0,"k":100,"ix":11},"r":{"a":0,"k":0,"ix":10},"p":{"a":0,"k":[144,256,0],"ix":2},"a":{"a":0,"k":[144,256,0],"ix":1},"s":{"a":0,"k":[100,100,100],"ix":6}},"ao":0,"ip":104.8,"op":105.6,"st":104.8,"bm":0},{"ddd":0,"ind":133,"ty":2,"nm":"泪珠滑落_132.png","cl":"png","refId":"image_132","sr":1,"ks":{"o":{"a":0,"k":100,"ix":11},"r":{"a":0,"k":0,"ix":10},"p":{"a":0,"k":[144,256,0],"ix":2},"a":{"a":0,"k":[144,256,0],"ix":1},"s":{"a":0,"k":[100,100,100],"ix":6}},"ao":0,"ip":105.6,"op":106.4,"st":105.6,"bm":0},{"ddd":0,"ind":134,"ty":2,"nm":"泪珠滑落_133.png","cl":"png","refId":"image_133","sr":1,"ks":{"o":{"a":0,"k":100,"ix":11},"r":{"a":0,"k":0,"ix":10},"p":{"a":0,"k":[144,256,0],"ix":2},"a":{"a":0,"k":[144,256,0],"ix":1},"s":{"a":0,"k":[100,100,100],"ix":6}},"ao":0,"ip":106.4,"op":107.2,"st":106.4,"bm":0},{"ddd":0,"ind":135,"ty":2,"nm":"泪珠滑落_134.png","cl":"png","refId":"image_134","sr":1,"ks":{"o":{"a":0,"k":100,"ix":11},"r":{"a":0,"k":0,"ix":10},"p":{"a":0,"k":[144,256,0],"ix":2},"a":{"a":0,"k":[144,256,0],"ix":1},"s":{"a":0,"k":[100,100,100],"ix":6}},"ao":0,"ip":107.2,"op":108,"st":107.2,"bm":0},{"ddd":0,"ind":136,"ty":2,"nm":"泪珠滑落_135.png","cl":"png","refId":"image_135","sr":1,"ks":{"o":{"a":0,"k":100,"ix":11},"r":{"a":0,"k":0,"ix":10},"p":{"a":0,"k":[144,256,0],"ix":2},"a":{"a":0,"k":[144,256,0],"ix":1},"s":{"a":0,"k":[100,100,100],"ix":6}},"ao":0,"ip":108,"op":108.8,"st":108,"bm":0},{"ddd":0,"ind":137,"ty":2,"nm":"泪珠滑落_136.png","cl":"png","refId":"image_136","sr":1,"ks":{"o":{"a":0,"k":100,"ix":11},"r":{"a":0,"k":0,"ix":10},"p":{"a":0,"k":[144,256,0],"ix":2},"a":{"a":0,"k":[144,256,0],"ix":1},"s":{"a":0,"k":[100,100,100],"ix":6}},"ao":0,"ip":108.8,"op":109.6,"st":108.8,"bm":0},{"ddd":0,"ind":138,"ty":2,"nm":"泪珠滑落_137.png","cl":"png","refId":"image_137","sr":1,"ks":{"o":{"a":0,"k":100,"ix":11},"r":{"a":0,"k":0,"ix":10},"p":{"a":0,"k":[144,256,0],"ix":2},"a":{"a":0,"k":[144,256,0],"ix":1},"s":{"a":0,"k":[100,100,100],"ix":6}},"ao":0,"ip":109.6,"op":110.4,"st":109.6,"bm":0},{"ddd":0,"ind":139,"ty":2,"nm":"泪珠滑落_138.png","cl":"png","refId":"image_138","sr":1,"ks":{"o":{"a":0,"k":100,"ix":11},"r":{"a":0,"k":0,"ix":10},"p":{"a":0,"k":[144,256,0],"ix":2},"a":{"a":0,"k":[144,256,0],"ix":1},"s":{"a":0,"k":[100,100,100],"ix":6}},"ao":0,"ip":110.4,"op":111.2,"st":110.4,"bm":0},{"ddd":0,"ind":140,"ty":2,"nm":"泪珠滑落_139.png","cl":"png","refId":"image_139","sr":1,"ks":{"o":{"a":0,"k":100,"ix":11},"r":{"a":0,"k":0,"ix":10},"p":{"a":0,"k":[144,256,0],"ix":2},"a":{"a":0,"k":[144,256,0],"ix":1},"s":{"a":0,"k":[100,100,100],"ix":6}},"ao":0,"ip":111.2,"op":112,"st":111.2,"bm":0},{"ddd":0,"ind":141,"ty":2,"nm":"泪珠滑落_140.png","cl":"png","refId":"image_140","sr":1,"ks":{"o":{"a":0,"k":100,"ix":11},"r":{"a":0,"k":0,"ix":10},"p":{"a":0,"k":[144,256,0],"ix":2},"a":{"a":0,"k":[144,256,0],"ix":1},"s":{"a":0,"k":[100,100,100],"ix":6}},"ao":0,"ip":112,"op":112.8,"st":112,"bm":0},{"ddd":0,"ind":142,"ty":2,"nm":"泪珠滑落_141.png","cl":"png","refId":"image_141","sr":1,"ks":{"o":{"a":0,"k":100,"ix":11},"r":{"a":0,"k":0,"ix":10},"p":{"a":0,"k":[144,256,0],"ix":2},"a":{"a":0,"k":[144,256,0],"ix":1},"s":{"a":0,"k":[100,100,100],"ix":6}},"ao":0,"ip":112.8,"op":113.6,"st":112.8,"bm":0},{"ddd":0,"ind":143,"ty":2,"nm":"泪珠滑落_142.png","cl":"png","refId":"image_142","sr":1,"ks":{"o":{"a":0,"k":100,"ix":11},"r":{"a":0,"k":0,"ix":10},"p":{"a":0,"k":[144,256,0],"ix":2},"a":{"a":0,"k":[144,256,0],"ix":1},"s":{"a":0,"k":[100,100,100],"ix":6}},"ao":0,"ip":113.6,"op":114.4,"st":113.6,"bm":0},{"ddd":0,"ind":144,"ty":2,"nm":"泪珠滑落_143.png","cl":"png","refId":"image_143","sr":1,"ks":{"o":{"a":0,"k":100,"ix":11},"r":{"a":0,"k":0,"ix":10},"p":{"a":0,"k":[144,256,0],"ix":2},"a":{"a":0,"k":[144,256,0],"ix":1},"s":{"a":0,"k":[100,100,100],"ix":6}},"ao":0,"ip":114.4,"op":115.2,"st":114.4,"bm":0},{"ddd":0,"ind":145,"ty":2,"nm":"泪珠滑落_144.png","cl":"png","refId":"image_144","sr":1,"ks":{"o":{"a":0,"k":100,"ix":11},"r":{"a":0,"k":0,"ix":10},"p":{"a":0,"k":[144,256,0],"ix":2},"a":{"a":0,"k":[144,256,0],"ix":1},"s":{"a":0,"k":[100,100,100],"ix":6}},"ao":0,"ip":115.2,"op":116,"st":115.2,"bm":0},{"ddd":0,"ind":146,"ty":2,"nm":"泪珠滑落_145.png","cl":"png","refId":"image_145","sr":1,"ks":{"o":{"a":0,"k":100,"ix":11},"r":{"a":0,"k":0,"ix":10},"p":{"a":0,"k":[144,256,0],"ix":2},"a":{"a":0,"k":[144,256,0],"ix":1},"s":{"a":0,"k":[100,100,100],"ix":6}},"ao":0,"ip":116,"op":116.8,"st":116,"bm":0},{"ddd":0,"ind":147,"ty":2,"nm":"泪珠滑落_146.png","cl":"png","refId":"image_146","sr":1,"ks":{"o":{"a":0,"k":100,"ix":11},"r":{"a":0,"k":0,"ix":10},"p":{"a":0,"k":[144,256,0],"ix":2},"a":{"a":0,"k":[144,256,0],"ix":1},"s":{"a":0,"k":[100,100,100],"ix":6}},"ao":0,"ip":116.8,"op":117.6,"st":116.8,"bm":0},{"ddd":0,"ind":148,"ty":2,"nm":"泪珠滑落_147.png","cl":"png","refId":"image_147","sr":1,"ks":{"o":{"a":0,"k":100,"ix":11},"r":{"a":0,"k":0,"ix":10},"p":{"a":0,"k":[144,256,0],"ix":2},"a":{"a":0,"k":[144,256,0],"ix":1},"s":{"a":0,"k":[100,100,100],"ix":6}},"ao":0,"ip":117.6,"op":118.4,"st":117.6,"bm":0},{"ddd":0,"ind":149,"ty":2,"nm":"泪珠滑落_148.png","cl":"png","refId":"image_148","sr":1,"ks":{"o":{"a":0,"k":100,"ix":11},"r":{"a":0,"k":0,"ix":10},"p":{"a":0,"k":[144,256,0],"ix":2},"a":{"a":0,"k":[144,256,0],"ix":1},"s":{"a":0,"k":[100,100,100],"ix":6}},"ao":0,"ip":118.4,"op":119.2,"st":118.4,"bm":0},{"ddd":0,"ind":150,"ty":2,"nm":"泪珠滑落_149.png","cl":"png","refId":"image_149","sr":1,"ks":{"o":{"a":0,"k":100,"ix":11},"r":{"a":0,"k":0,"ix":10},"p":{"a":0,"k":[144,256,0],"ix":2},"a":{"a":0,"k":[144,256,0],"ix":1},"s":{"a":0,"k":[100,100,100],"ix":6}},"ao":0,"ip":119.2,"op":120,"st":119.2,"bm":0},{"ddd":0,"ind":151,"ty":2,"nm":"泪珠滑落_150.png","cl":"png","refId":"image_150","sr":1,"ks":{"o":{"a":0,"k":100,"ix":11},"r":{"a":0,"k":0,"ix":10},"p":{"a":0,"k":[144,256,0],"ix":2},"a":{"a":0,"k":[144,256,0],"ix":1},"s":{"a":0,"k":[100,100,100],"ix":6}},"ao":0,"ip":120,"op":120.8,"st":120,"bm":0},{"ddd":0,"ind":152,"ty":2,"nm":"泪珠滑落_151.png","cl":"png","refId":"image_151","sr":1,"ks":{"o":{"a":0,"k":100,"ix":11},"r":{"a":0,"k":0,"ix":10},"p":{"a":0,"k":[144,256,0],"ix":2},"a":{"a":0,"k":[144,256,0],"ix":1},"s":{"a":0,"k":[100,100,100],"ix":6}},"ao":0,"ip":120.8,"op":121.6,"st":120.8,"bm":0},{"ddd":0,"ind":153,"ty":2,"nm":"泪珠滑落_152.png","cl":"png","refId":"image_152","sr":1,"ks":{"o":{"a":0,"k":100,"ix":11},"r":{"a":0,"k":0,"ix":10},"p":{"a":0,"k":[144,256,0],"ix":2},"a":{"a":0,"k":[144,256,0],"ix":1},"s":{"a":0,"k":[100,100,100],"ix":6}},"ao":0,"ip":121.6,"op":122.4,"st":121.6,"bm":0},{"ddd":0,"ind":154,"ty":2,"nm":"泪珠滑落_153.png","cl":"png","refId":"image_153","sr":1,"ks":{"o":{"a":0,"k":100,"ix":11},"r":{"a":0,"k":0,"ix":10},"p":{"a":0,"k":[144,256,0],"ix":2},"a":{"a":0,"k":[144,256,0],"ix":1},"s":{"a":0,"k":[100,100,100],"ix":6}},"ao":0,"ip":122.4,"op":123.2,"st":122.4,"bm":0},{"ddd":0,"ind":155,"ty":2,"nm":"泪珠滑落_154.png","cl":"png","refId":"image_154","sr":1,"ks":{"o":{"a":0,"k":100,"ix":11},"r":{"a":0,"k":0,"ix":10},"p":{"a":0,"k":[144,256,0],"ix":2},"a":{"a":0,"k":[144,256,0],"ix":1},"s":{"a":0,"k":[100,100,100],"ix":6}},"ao":0,"ip":123.2,"op":124,"st":123.2,"bm":0},{"ddd":0,"ind":156,"ty":2,"nm":"泪珠滑落_155.png","cl":"png","refId":"image_155","sr":1,"ks":{"o":{"a":0,"k":100,"ix":11},"r":{"a":0,"k":0,"ix":10},"p":{"a":0,"k":[144,256,0],"ix":2},"a":{"a":0,"k":[144,256,0],"ix":1},"s":{"a":0,"k":[100,100,100],"ix":6}},"ao":0,"ip":124,"op":124.8,"st":124,"bm":0},{"ddd":0,"ind":157,"ty":2,"nm":"泪珠滑落_156.png","cl":"png","refId":"image_156","sr":1,"ks":{"o":{"a":0,"k":100,"ix":11},"r":{"a":0,"k":0,"ix":10},"p":{"a":0,"k":[144,256,0],"ix":2},"a":{"a":0,"k":[144,256,0],"ix":1},"s":{"a":0,"k":[100,100,100],"ix":6}},"ao":0,"ip":124.8,"op":125.6,"st":124.8,"bm":0},{"ddd":0,"ind":158,"ty":2,"nm":"泪珠滑落_157.png","cl":"png","refId":"image_157","sr":1,"ks":{"o":{"a":0,"k":100,"ix":11},"r":{"a":0,"k":0,"ix":10},"p":{"a":0,"k":[144,256,0],"ix":2},"a":{"a":0,"k":[144,256,0],"ix":1},"s":{"a":0,"k":[100,100,100],"ix":6}},"ao":0,"ip":125.6,"op":126.4,"st":125.6,"bm":0},{"ddd":0,"ind":159,"ty":2,"nm":"泪珠滑落_158.png","cl":"png","refId":"image_158","sr":1,"ks":{"o":{"a":0,"k":100,"ix":11},"r":{"a":0,"k":0,"ix":10},"p":{"a":0,"k":[144,256,0],"ix":2},"a":{"a":0,"k":[144,256,0],"ix":1},"s":{"a":0,"k":[100,100,100],"ix":6}},"ao":0,"ip":126.4,"op":127.2,"st":126.4,"bm":0},{"ddd":0,"ind":160,"ty":2,"nm":"泪珠滑落_159.png","cl":"png","refId":"image_159","sr":1,"ks":{"o":{"a":0,"k":100,"ix":11},"r":{"a":0,"k":0,"ix":10},"p":{"a":0,"k":[144,256,0],"ix":2},"a":{"a":0,"k":[144,256,0],"ix":1},"s":{"a":0,"k":[100,100,100],"ix":6}},"ao":0,"ip":127.2,"op":128,"st":127.2,"bm":0},{"ddd":0,"ind":161,"ty":2,"nm":"泪珠滑落_160.png","cl":"png","refId":"image_160","sr":1,"ks":{"o":{"a":0,"k":100,"ix":11},"r":{"a":0,"k":0,"ix":10},"p":{"a":0,"k":[144,256,0],"ix":2},"a":{"a":0,"k":[144,256,0],"ix":1},"s":{"a":0,"k":[100,100,100],"ix":6}},"ao":0,"ip":128,"op":128.8,"st":128,"bm":0},{"ddd":0,"ind":162,"ty":2,"nm":"泪珠滑落_161.png","cl":"png","refId":"image_161","sr":1,"ks":{"o":{"a":0,"k":100,"ix":11},"r":{"a":0,"k":0,"ix":10},"p":{"a":0,"k":[144,256,0],"ix":2},"a":{"a":0,"k":[144,256,0],"ix":1},"s":{"a":0,"k":[100,100,100],"ix":6}},"ao":0,"ip":128.8,"op":129.6,"st":128.8,"bm":0},{"ddd":0,"ind":163,"ty":2,"nm":"泪珠滑落_162.png","cl":"png","refId":"image_162","sr":1,"ks":{"o":{"a":0,"k":100,"ix":11},"r":{"a":0,"k":0,"ix":10},"p":{"a":0,"k":[144,256,0],"ix":2},"a":{"a":0,"k":[144,256,0],"ix":1},"s":{"a":0,"k":[100,100,100],"ix":6}},"ao":0,"ip":129.6,"op":130.4,"st":129.6,"bm":0},{"ddd":0,"ind":164,"ty":2,"nm":"泪珠滑落_163.png","cl":"png","refId":"image_163","sr":1,"ks":{"o":{"a":0,"k":100,"ix":11},"r":{"a":0,"k":0,"ix":10},"p":{"a":0,"k":[144,256,0],"ix":2},"a":{"a":0,"k":[144,256,0],"ix":1},"s":{"a":0,"k":[100,100,100],"ix":6}},"ao":0,"ip":130.4,"op":131.2,"st":130.4,"bm":0},{"ddd":0,"ind":165,"ty":2,"nm":"泪珠滑落_164.png","cl":"png","refId":"image_164","sr":1,"ks":{"o":{"a":0,"k":100,"ix":11},"r":{"a":0,"k":0,"ix":10},"p":{"a":0,"k":[144,256,0],"ix":2},"a":{"a":0,"k":[144,256,0],"ix":1},"s":{"a":0,"k":[100,100,100],"ix":6}},"ao":0,"ip":131.2,"op":132,"st":131.2,"bm":0},{"ddd":0,"ind":166,"ty":2,"nm":"泪珠滑落_165.png","cl":"png","refId":"image_165","sr":1,"ks":{"o":{"a":0,"k":100,"ix":11},"r":{"a":0,"k":0,"ix":10},"p":{"a":0,"k":[144,256,0],"ix":2},"a":{"a":0,"k":[144,256,0],"ix":1},"s":{"a":0,"k":[100,100,100],"ix":6}},"ao":0,"ip":132,"op":132.8,"st":132,"bm":0},{"ddd":0,"ind":167,"ty":2,"nm":"泪珠滑落_166.png","cl":"png","refId":"image_166","sr":1,"ks":{"o":{"a":0,"k":100,"ix":11},"r":{"a":0,"k":0,"ix":10},"p":{"a":0,"k":[144,256,0],"ix":2},"a":{"a":0,"k":[144,256,0],"ix":1},"s":{"a":0,"k":[100,100,100],"ix":6}},"ao":0,"ip":132.8,"op":133.6,"st":132.8,"bm":0},{"ddd":0,"ind":168,"ty":2,"nm":"泪珠滑落_167.png","cl":"png","refId":"image_167","sr":1,"ks":{"o":{"a":0,"k":100,"ix":11},"r":{"a":0,"k":0,"ix":10},"p":{"a":0,"k":[144,256,0],"ix":2},"a":{"a":0,"k":[144,256,0],"ix":1},"s":{"a":0,"k":[100,100,100],"ix":6}},"ao":0,"ip":133.6,"op":134.4,"st":133.6,"bm":0},{"ddd":0,"ind":169,"ty":2,"nm":"泪珠滑落_168.png","cl":"png","refId":"image_168","sr":1,"ks":{"o":{"a":0,"k":100,"ix":11},"r":{"a":0,"k":0,"ix":10},"p":{"a":0,"k":[144,256,0],"ix":2},"a":{"a":0,"k":[144,256,0],"ix":1},"s":{"a":0,"k":[100,100,100],"ix":6}},"ao":0,"ip":134.4,"op":135.2,"st":134.4,"bm":0},{"ddd":0,"ind":170,"ty":2,"nm":"泪珠滑落_169.png","cl":"png","refId":"image_169","sr":1,"ks":{"o":{"a":0,"k":100,"ix":11},"r":{"a":0,"k":0,"ix":10},"p":{"a":0,"k":[144,256,0],"ix":2},"a":{"a":0,"k":[144,256,0],"ix":1},"s":{"a":0,"k":[100,100,100],"ix":6}},"ao":0,"ip":135.2,"op":136,"st":135.2,"bm":0},{"ddd":0,"ind":171,"ty":2,"nm":"泪珠滑落_170.png","cl":"png","refId":"image_170","sr":1,"ks":{"o":{"a":0,"k":100,"ix":11},"r":{"a":0,"k":0,"ix":10},"p":{"a":0,"k":[144,256,0],"ix":2},"a":{"a":0,"k":[144,256,0],"ix":1},"s":{"a":0,"k":[100,100,100],"ix":6}},"ao":0,"ip":136,"op":136.8,"st":136,"bm":0},{"ddd":0,"ind":172,"ty":2,"nm":"泪珠滑落_171.png","cl":"png","refId":"image_171","sr":1,"ks":{"o":{"a":0,"k":100,"ix":11},"r":{"a":0,"k":0,"ix":10},"p":{"a":0,"k":[144,256,0],"ix":2},"a":{"a":0,"k":[144,256,0],"ix":1},"s":{"a":0,"k":[100,100,100],"ix":6}},"ao":0,"ip":136.8,"op":137.6,"st":136.8,"bm":0},{"ddd":0,"ind":173,"ty":2,"nm":"泪珠滑落_172.png","cl":"png","refId":"image_172","sr":1,"ks":{"o":{"a":0,"k":100,"ix":11},"r":{"a":0,"k":0,"ix":10},"p":{"a":0,"k":[144,256,0],"ix":2},"a":{"a":0,"k":[144,256,0],"ix":1},"s":{"a":0,"k":[100,100,100],"ix":6}},"ao":0,"ip":137.6,"op":138.4,"st":137.6,"bm":0},{"ddd":0,"ind":174,"ty":2,"nm":"泪珠滑落_173.png","cl":"png","refId":"image_173","sr":1,"ks":{"o":{"a":0,"k":100,"ix":11},"r":{"a":0,"k":0,"ix":10},"p":{"a":0,"k":[144,256,0],"ix":2},"a":{"a":0,"k":[144,256,0],"ix":1},"s":{"a":0,"k":[100,100,100],"ix":6}},"ao":0,"ip":138.4,"op":139.2,"st":138.4,"bm":0},{"ddd":0,"ind":175,"ty":2,"nm":"泪珠滑落_174.png","cl":"png","refId":"image_174","sr":1,"ks":{"o":{"a":0,"k":100,"ix":11},"r":{"a":0,"k":0,"ix":10},"p":{"a":0,"k":[144,256,0],"ix":2},"a":{"a":0,"k":[144,256,0],"ix":1},"s":{"a":0,"k":[100,100,100],"ix":6}},"ao":0,"ip":139.2,"op":140,"st":139.2,"bm":0},{"ddd":0,"ind":176,"ty":2,"nm":"泪珠滑落_175.png","cl":"png","refId":"image_175","sr":1,"ks":{"o":{"a":0,"k":100,"ix":11},"r":{"a":0,"k":0,"ix":10},"p":{"a":0,"k":[144,256,0],"ix":2},"a":{"a":0,"k":[144,256,0],"ix":1},"s":{"a":0,"k":[100,100,100],"ix":6}},"ao":0,"ip":140,"op":140.8,"st":140,"bm":0},{"ddd":0,"ind":177,"ty":2,"nm":"泪珠滑落_176.png","cl":"png","refId":"image_176","sr":1,"ks":{"o":{"a":0,"k":100,"ix":11},"r":{"a":0,"k":0,"ix":10},"p":{"a":0,"k":[144,256,0],"ix":2},"a":{"a":0,"k":[144,256,0],"ix":1},"s":{"a":0,"k":[100,100,100],"ix":6}},"ao":0,"ip":140.8,"op":141.6,"st":140.8,"bm":0},{"ddd":0,"ind":178,"ty":2,"nm":"泪珠滑落_177.png","cl":"png","refId":"image_177","sr":1,"ks":{"o":{"a":0,"k":100,"ix":11},"r":{"a":0,"k":0,"ix":10},"p":{"a":0,"k":[144,256,0],"ix":2},"a":{"a":0,"k":[144,256,0],"ix":1},"s":{"a":0,"k":[100,100,100],"ix":6}},"ao":0,"ip":141.6,"op":142.4,"st":141.6,"bm":0},{"ddd":0,"ind":179,"ty":2,"nm":"泪珠滑落_178.png","cl":"png","refId":"image_178","sr":1,"ks":{"o":{"a":0,"k":100,"ix":11},"r":{"a":0,"k":0,"ix":10},"p":{"a":0,"k":[144,256,0],"ix":2},"a":{"a":0,"k":[144,256,0],"ix":1},"s":{"a":0,"k":[100,100,100],"ix":6}},"ao":0,"ip":142.4,"op":143.2,"st":142.4,"bm":0},{"ddd":0,"ind":180,"ty":2,"nm":"泪珠滑落_179.png","cl":"png","refId":"image_179","sr":1,"ks":{"o":{"a":0,"k":100,"ix":11},"r":{"a":0,"k":0,"ix":10},"p":{"a":0,"k":[144,256,0],"ix":2},"a":{"a":0,"k":[144,256,0],"ix":1},"s":{"a":0,"k":[100,100,100],"ix":6}},"ao":0,"ip":143.2,"op":144,"st":143.2,"bm":0},{"ddd":0,"ind":181,"ty":2,"nm":"泪珠滑落_180.png","cl":"png","refId":"image_180","sr":1,"ks":{"o":{"a":0,"k":100,"ix":11},"r":{"a":0,"k":0,"ix":10},"p":{"a":0,"k":[144,256,0],"ix":2},"a":{"a":0,"k":[144,256,0],"ix":1},"s":{"a":0,"k":[100,100,100],"ix":6}},"ao":0,"ip":144,"op":144.8,"st":144,"bm":0},{"ddd":0,"ind":182,"ty":2,"nm":"泪珠滑落_181.png","cl":"png","refId":"image_181","sr":1,"ks":{"o":{"a":0,"k":100,"ix":11},"r":{"a":0,"k":0,"ix":10},"p":{"a":0,"k":[144,256,0],"ix":2},"a":{"a":0,"k":[144,256,0],"ix":1},"s":{"a":0,"k":[100,100,100],"ix":6}},"ao":0,"ip":144.8,"op":145.6,"st":144.8,"bm":0}],"markers":[]}